asset;broker;right;side;exp_date;dte;strike;qty_underlying;contracts_est;cashflow;fees;spot;spot_source;option_px;option_px_source;option_px_update;option_bid;option_ask;intrinsic_proxy;extrinsic_per_share;remaining_extrinsic;result_proxy;regt_margin_est;cash_secured_margin;margin_used;premium_per_margin;entry_cashflow_per_margin;result_per_margin;ann_premium_per_margin;ann_entry_cashflow_per_margin;stress_10_result;stress_20_result;uniek_id
ABN;degiro;put;short;2026-05-15;1;27,500;-1.000,000;10,000;440,000;-7,500;31,360;asset_last_prices: ABN/EUR 2026-05-13 21:15:50;0,220;last_price;2026-05-13 22:05:51;;;0,000;0,220;220,000;440,000;2.970,000;27.500,000;2.970,000;0,074;0,148;0,148;27,037;54,074;440,000;-1.972,000;degiro-ABN-optie-15-5-2026-put-27.5
ABN;degiro;put;short;2026-06-19;36;28,000;-1.000,000;10,000;500,000;-7,500;31,360;asset_last_prices: ABN/EUR 2026-05-13 21:15:50;0,210;last_price;2026-05-13 22:05:51;;;0,000;0,210;210,000;500,000;3.122,000;28.000,000;3.122,000;0,067;0,160;0,160;0,682;1,624;500,000;-2.412,000;degiro-ABN-optie-19-6-2026-put-28
AEX;lynx;call;short;2026-05-14;0;1.014,000;-100,000;1,000;92,000;-0,990;1.010,120;asset_last_prices: EOE/EUR 2026-05-13 17:45:11;0,970;last_price;2026-05-13 22:05:51;;;0,000;0,970;97,000;92,000;19.911,400;;19.911,400;0,005;0,005;0,005;1,778;1,686;-9.621,200;-19.722,400;lynx-AEX-optie-14-5-2026-call-1014
AHOLD;lynx;put;short;2026-06-19;36;39,000;-400,000;4,000;824,000;-3,160;36,740;asset_last_prices: AD/EUR 2026-05-13 21:25:50;2,420;last_price;2026-05-13 22:05:51;;;904,000;0,160;64,000;-80,000;3.907,200;15.600,000;3.907,200;0,016;0,211;-0,020;0,166;2,138;-1.549,600;-3.019,200;lynx-AHOLD-optie-19-6-2026-put-39
ALAB;lynx;put;short;2026-05-22;8;200,000;-100,000;1,000;641,000;-2,400;227,280;asset_last_prices: ALAB/USD 2026-05-13 23:54:24;4,675;bid_ask_mid;2026-05-13 22:05:51;4,500;4,850;0,000;4,675;467,500;641,000;2.467,500;20.000,000;2.467,500;0,189;0,260;0,260;8,644;11,852;641,000;-1.176,600;lynx-ALAB-optie-22-5-2026-put-200
ANET;interactive;put;short;2026-05-22;8;147,000;-100,000;1,000;1.097,000;-0,700;142,110;asset_last_prices: ANET/USD 2026-05-13 23:54:24;8,800;bid_ask_mid;2026-05-13 22:05:51;8,150;9,450;489,000;3,910;391,000;608,000;3.722,200;14.700,000;3.722,200;0,105;0,295;0,163;4,793;13,447;-813,100;-2.234,200;interactive-ANET-optie-22-5-2026-put-147
APPLOVIN;lynx;put;short;2026-05-15;1;460,000;-100,000;1,000;996,000;-2,400;455,680;asset_last_prices: APP/USD 2026-05-13 23:54:24;14,600;bid_ask_mid;2026-05-13 22:05:51;12,400;16,800;432,000;10,280;1.028,000;564,000;10.573,600;46.000,000;10.573,600;0,097;0,094;0,053;35,486;34,382;-3.992,800;-8.549,600;lynx-APPLOVIN-optie-15-5-2026-put-460
APPLOVIN;interactive;put;short;2026-05-15;1;490,000;-100,000;1,000;1.702,000;-0,290;455,680;asset_last_prices: APP/USD 2026-05-13 23:54:24;37,950;bid_ask_mid;2026-05-13 22:05:51;34,000;41,900;3.432,000;3,630;363,000;-1.730,000;12.908,600;49.000,000;12.908,600;0,028;0,132;-0,134;10,264;48,125;-6.286,800;-10.843,600;interactive-APPLOVIN-optie-15-5-2026-put-490
ARCHER;interactive;put;short;2026-06-18;35;7,000;-300,000;3,000;342,000;-1,000;6,570;asset_last_prices: ACHR/USD 2026-05-13 23:54:24;0,900;bid_ask_mid;2026-05-13 22:05:51;0,870;0,930;129,000;0,470;141,000;213,000;664,200;2.100,000;664,200;0,212;0,515;0,321;2,214;5,370;15,900;-181,200;interactive-ARCHER-optie-18-6-2026-put-7
ASMI;degiro;put;short;2026-05-15;1;760,000;-100,000;1,000;1.005,000;-0,750;883,400;asset_last_prices: ASM/EUR 2026-05-13 22:00:50;0,410;last_price;2026-05-13 22:05:51;;;0,000;0,410;41,000;1.005,000;7.641,000;76.000,000;7.641,000;0,005;0,132;0,132;1,959;48,007;1.005,000;-4.323,000;degiro-ASMI-optie-15-5-2026-put-760
ASMI;degiro;put;short;2026-06-19;36;740,000;-100,000;1,000;1.220,000;-0,750;883,400;asset_last_prices: ASM/EUR 2026-05-13 22:00:50;12,200;last_price;2026-05-13 22:05:51;;;0,000;12,200;1.220,000;1.220,000;8.620,000;74.000,000;8.620,000;0,142;0,142;0,142;1,435;1,435;1.220,000;-2.108,000;degiro-ASMI-optie-19-6-2026-put-740
ASMLAEB;lynx;put;long;2026-05-15;1;1.000,000;100,000;1,000;-112,000;-0,790;1.349,000;asset_last_prices: ASML/EUR 2026-05-13 22:25:50;0,010;last_price;2026-05-13 22:05:51;;;0,000;0,010;-1,000;-112,000;10.001,000;;10.001,000;-0,000;0,000;-0,011;-0,036;0,000;-112,000;-112,000;lynx-ASMLAEB-optie-15-5-2026-put-1000
ASMLAEB;lynx;put;short;2026-05-15;1;1.160,000;-100,000;1,000;1.407,000;-0,790;1.349,000;asset_last_prices: ASML/EUR 2026-05-13 22:25:50;0,460;last_price;2026-05-13 22:05:51;;;0,000;0,460;46,000;1.407,000;11.646,000;116.000,000;11.646,000;0,004;0,121;0,121;1,442;44,097;1.407,000;-6.673,000;lynx-ASMLAEB-optie-15-5-2026-put-1160
ASMLAEB;lynx;put;short;2026-05-22;8;1.200,000;-100,000;1,000;795,000;-0,790;1.349,000;asset_last_prices: ASML/EUR 2026-05-13 22:25:50;7,950;last_price;2026-05-13 22:05:51;;;0,000;7,950;795,000;795,000;12.875,000;120.000,000;12.875,000;0,062;0,062;0,062;2,817;2,817;795,000;-11.285,000;lynx-ASMLAEB-optie-22-5-2026-put-1200
ASTS;lynx;put;short;2026-05-15;1;75,000;-100,000;1,000;1.255,000;-2,400;75,160;asset_last_prices: ASTS/USD 2026-05-13 23:54:24;2,500;bid_ask_mid;2026-05-13 22:05:51;2,450;2,550;0,000;2,500;250,000;1.255,000;1.737,200;7.500,000;1.737,200;0,144;0,722;0,722;52,527;263,686;519,400;-232,200;lynx-ASTS-optie-15-5-2026-put-75
ASTS;lynx;call;short;2026-05-22;8;86,000;-100,000;1,000;247,000;-2,400;75,160;asset_last_prices: ASTS/USD 2026-05-13 23:54:24;1,625;bid_ask_mid;2026-05-13 22:05:51;1,560;1,690;0,000;1,625;162,500;247,000;914,100;;914,100;0,178;0,270;0,270;8,111;12,328;247,000;-172,200;lynx-ASTS-optie-22-5-2026-call-86
BABA;interactive;put;short;2026-05-15;1;140,000;-100,000;1,000;424,000;-0,700;146,930;asset_last_prices: BABA/USD 2026-05-13 23:54:24;0,760;bid_ask_mid;2026-05-13 22:05:51;0,700;0,820;0,000;0,760;76,000;424,000;2.321,600;14.000,000;2.321,600;0,033;0,183;0,183;11,949;66,661;-352,300;-1.821,600;interactive-BABA-optie-15-5-2026-put-140
BABA;interactive;put;short;2026-06-12;29;126,000;-100,000;1,000;251,000;-0,700;146,930;asset_last_prices: BABA/USD 2026-05-13 23:54:24;1,410;bid_ask_mid;2026-05-13 22:05:51;0,980;1,840;0,000;1,410;141,000;251,000;1.401,000;12.600,000;1.401,000;0,101;0,179;0,179;1,267;2,255;251,000;-594,600;interactive-BABA-optie-12-6-2026-put-126
BASF;degiro;put;short;2026-05-15;1;49,500;-400,000;4,000;404,000;-3,000;53,910;asset_last_prices: BAS/EUR 2026-05-13 22:25:50;0,040;last_price;2026-05-13 22:05:51;;;0,000;0,040;16,000;404,000;2.564,800;19.800,000;2.564,800;0,006;0,158;0,158;2,277;57,494;11,600;-2.144,800;degiro-BASF-optie-15-5-2026-put-49.5
BASF;degiro;put;short;2026-05-15;1;50,000;-400,000;4,000;420,000;-3,000;53,910;asset_last_prices: BAS/EUR 2026-05-13 22:25:50;0,070;last_price;2026-05-13 22:05:51;;;0,000;0,070;28,000;420,000;2.776,800;20.000,000;2.776,800;0,010;0,151;0,151;3,680;55,207;-172,400;-2.328,800;degiro-BASF-optie-15-5-2026-put-50
BAYER;lynx;call;short;2026-05-15;1;37,000;-500,000;5,000;490,000;-8,750;38,200;asset_last_prices: BAYN/EUR 2026-05-13 22:45:50;1,660;last_price;2026-05-13 22:05:51;;;600,000;0,460;230,000;-110,000;4.650,000;;4.650,000;0,049;0,105;-0,024;18,054;38,462;-2.020,000;-3.930,000;lynx-BAYER-optie-15-5-2026-call-37
BAYER;lynx;put;short;2026-05-15;1;37,000;-100,000;1,000;99,000;-1,750;38,200;asset_last_prices: BAYN/EUR 2026-05-13 22:45:50;0,250;last_price;2026-05-13 22:05:51;;;0,000;0,250;25,000;99,000;669,000;3.700,000;669,000;0,037;0,148;0,148;13,640;54,013;-163,000;-545,000;lynx-BAYER-optie-15-5-2026-put-37
BAYER;lynx;call;short;2026-05-15;1;38,000;-200,000;2,000;156,000;-3,500;38,200;asset_last_prices: BAYN/EUR 2026-05-13 22:45:50;0,960;last_price;2026-05-13 22:05:51;;;40,000;0,760;152,000;116,000;1.720,000;;1.720,000;0,088;0,091;0,067;32,256;33,105;-648,000;-1.412,000;lynx-BAYER-optie-15-5-2026-call-38
BAYER;lynx;put;short;2026-06-19;36;37,000;-100,000;1,000;130,000;-1,750;38,200;asset_last_prices: BAYN/EUR 2026-05-13 22:45:50;1,660;last_price;2026-05-13 22:05:51;;;0,000;1,660;166,000;130,000;810,000;3.700,000;810,000;0,205;0,160;0,160;2,078;1,627;-132,000;-514,000;lynx-BAYER-optie-19-6-2026-put-37
BESI;degiro;put;short;2026-05-15;1;155,000;-100,000;1,000;305,000;-0,750;260,700;asset_last_prices: BESI/EUR 2026-05-13 22:15:50;0,115;bid_ask_mid;2026-05-13 21:05:57;0,060;0,170;0,000;0,115;11,500;305,000;1.561,500;15.500,000;1.561,500;0,007;0,195;0,195;2,688;71,294;305,000;305,000;degiro-BESI-optie-15-5-2026-put-155
BHP;interactive;put;short;2026-05-15;1;80,000;-100,000;1,000;250,000;-0,410;91,000;asset_last_prices: BHP/USD 2026-05-13 23:35:50;0,020;last_price;2026-05-13 22:05:51;;0,100;0,000;0,020;2,000;250,000;802,000;8.000,000;802,000;0,002;0,312;0,312;0,910;113,778;250,000;-470,000;interactive-BHP-optie-15-5-2026-put-80
BHP;interactive;put;short;2026-06-18;35;80,000;-400,000;4,000;553,000;-2,370;91,000;asset_last_prices: BHP/USD 2026-05-13 23:35:50;0,825;bid_ask_mid;2026-05-13 22:05:51;0,700;0,950;0,000;0,825;330,000;553,000;3.530,000;32.000,000;3.530,000;0,093;0,157;0,157;0,975;1,634;553,000;-2.327,000;interactive-BHP-optie-18-6-2026-put-80
BMW;degiro;put;short;2026-06-19;36;79,000;-500,000;5,000;1.875,000;-3,750;80,740;asset_last_prices: BMW/EUR 2026-05-13 23:05:51;4,300;last_price;2026-05-13 22:05:51;;;0,000;4,300;2.150,000;1.875,000;9.354,000;39.500,000;9.354,000;0,230;0,200;0,200;2,330;2,032;-1.292,000;-5.329,000;degiro-BMW-optie-19-6-2026-put-79
BNP;interactive;put;short;2026-05-15;1;88,000;-200,000;2,000;623,000;-2,280;91,700;asset_last_prices: BNP/EUR 2026-05-13 21:52:08;0,450;last_price;2026-05-13 22:05:51;;;0,000;0,450;90,000;623,000;3.018,000;17.600,000;3.018,000;0,030;0,206;0,206;10,885;75,346;-471,000;-2.305,000;interactive-BNP-optie-15-5-2026-put-88
BNP;lynx;put;short;2026-05-15;1;88,000;-300,000;3,000;1.053,000;-5,250;91,700;asset_last_prices: BNP/EUR 2026-05-13 21:52:08;0,450;last_price;2026-05-13 22:05:51;;;0,000;0,450;135,000;1.053,000;4.527,000;26.400,000;4.527,000;0,030;0,233;0,233;10,885;84,901;-588,000;-3.339,000;lynx-BNP-optie-15-5-2026-put-88
CAMECO;interactive;put;short;2026-05-15;1;116,000;-300,000;3,000;861,000;-1,030;115,370;asset_last_prices: CCJ/USD 2026-05-13 23:45:50;2,625;bid_ask_mid;2026-05-13 22:05:51;2,200;3,050;189,000;1,995;598,500;672,000;7.709,700;34.800,000;7.709,700;0,078;0,112;0,087;28,335;40,762;-2.789,100;-6.250,200;interactive-CAMECO-optie-15-5-2026-put-116
CAMECO;lynx;put;short;2026-05-15;1;117,000;-100,000;1,000;225,000;-2,400;115,370;asset_last_prices: CCJ/USD 2026-05-13 23:45:50;3,265;bid_ask_mid;2026-05-13 22:05:51;2,780;3,750;163,000;1,635;163,500;62,000;2.633,900;11.700,000;2.633,900;0,062;0,085;0,024;22,657;31,180;-1.091,700;-2.245,400;lynx-CAMECO-optie-15-5-2026-put-117
CSG;degiro;call;short;2026-05-15;1;17,000;-100,000;1,000;60,000;-0,750;15,818;asset_last_prices: CSG1/EUR 2026-05-13 23:05:51;0,170;last_price;2026-05-13 22:05:51;;;0,000;0,170;17,000;60,000;215,160;;215,160;0,079;0,279;0,279;28,839;101,785;20,020;-138,160;degiro-CSG-optie-15-5-2026-call-17
CSG;degiro;call;short;2026-05-15;1;19,000;-100,000;1,000;65,000;-0,750;15,818;asset_last_prices: CSG1/EUR 2026-05-13 23:05:51;0,010;last_price;2026-05-13 22:05:51;;;0,000;0,010;1,000;65,000;159,180;;159,180;0,006;0,408;0,408;2,293;149,045;65,000;65,000;degiro-CSG-optie-15-5-2026-call-19
CSG;degiro;call;short;2026-05-15;1;20,500;-200,000;2,000;110,000;-0,750;15,818;asset_last_prices: CSG1/EUR 2026-05-13 23:05:51;0,045;bid_ask_mid;2026-05-13 21:05:57;0,010;0,080;0,000;0,045;9,000;110,000;325,360;;325,360;0,028;0,338;0,338;10,097;123,402;110,000;110,000;degiro-CSG-optie-15-5-2026-call-20.5
CSG;degiro;call;short;2026-05-15;1;23,000;-100,000;1,000;85,000;-0,750;15,818;asset_last_prices: CSG1/EUR 2026-05-13 23:05:51;0,050;bid_ask_mid;2026-05-13 21:05:57;0,020;0,080;0,000;0,050;5,000;85,000;163,180;;163,180;0,031;0,521;0,521;11,184;190,127;85,000;85,000;degiro-CSG-optie-15-5-2026-call-23
CSG;degiro;put;short;2026-06-19;36;17,000;-100,000;1,000;252,000;-0,750;15,818;asset_last_prices: CSG1/EUR 2026-05-13 23:05:51;2,210;last_price;2026-05-13 22:05:51;;;118,200;1,028;102,800;133,800;537,360;1.700,000;537,360;0,191;0,469;0,249;1,940;4,755;-24,380;-182,560;degiro-CSG-optie-19-6-2026-put-17
DANONE;degiro;call;short;2026-05-15;1;64,000;-200,000;2,000;60,000;-1,500;61,680;asset_last_prices: BN/EUR 2026-05-13 22:35:50;0,117;last_price;2026-05-13 22:05:51;;;0,000;0,117;23,406;60,000;2.026,606;;2.026,606;0,012;0,030;0,030;4,215;10,806;-709,600;-1.943,200;degiro-DANONE-optie-15-5-2026-call-64
DANONE;interactive;call;short;2026-05-15;1;64,000;-100,000;1,000;29,000;-1,090;61,680;asset_last_prices: BN/EUR 2026-05-13 22:35:50;0,117;last_price;2026-05-13 22:05:51;;;0,000;0,117;11,703;29,000;1.013,303;;1.013,303;0,012;0,029;0,029;4,215;10,446;-355,800;-972,600;interactive-DANONE-optie-15-5-2026-call-64
DANONE;degiro;call;short;2026-05-15;1;70,000;-200,000;2,000;130,000;-1,500;61,680;asset_last_prices: BN/EUR 2026-05-13 22:35:50;0,040;bid_ask_mid;2026-05-13 21:05:57;0,010;0,070;0,000;0,040;8,000;130,000;1.241,600;;1.241,600;0,006;0,105;0,105;2,352;38,217;130,000;-673,200;degiro-DANONE-optie-15-5-2026-call-70
DANONE;interactive;call;short;2026-05-15;1;70,000;-100,000;1,000;64,000;-0,750;61,680;asset_last_prices: BN/EUR 2026-05-13 22:35:50;0,040;bid_ask_mid;2026-05-13 21:05:57;0,010;0,070;0,000;0,040;4,000;64,000;620,800;;620,800;0,006;0,103;0,103;2,352;37,629;64,000;-337,600;interactive-DANONE-optie-15-5-2026-call-70
DHL;lynx;call;short;2026-05-15;1;48,500;-200,000;2,000;60,000;-1,580;47,500;asset_last_prices: DHL/EUR 2026-05-13 22:15:50;0,180;last_price;2026-05-13 22:05:51;;;0,000;0,180;36,000;60,000;1.736,000;;1.736,000;0,021;0,035;0,035;7,569;12,615;-690,000;-1.640,000;lynx-DHL-optie-15-5-2026-call-48.5
DHL;degiro;put;short;2026-05-15;1;49,000;-200,000;2,000;434,000;-1,500;47,500;asset_last_prices: DHL/EUR 2026-05-13 22:15:50;1,910;last_price;2026-05-13 22:05:51;;;300,000;0,410;82,000;134,000;2.282,000;9.800,000;2.282,000;0,036;0,190;0,059;13,116;69,417;-816,000;-1.766,000;degiro-DHL-optie-15-5-2026-put-49
EURUSD-FUT;lynx;put;short;2026-05-15;1;1,175;-125.000,000;1.250,000;325,000;-3,500;1,173;asset_last_prices: 6E/USD 2026-05-13 23:05:51;0,003;bid_ask_mid;2026-05-13 23:05:51;0,003;0,003;243,750;0,001;118,750;81,250;29.688,750;146.875,000;29.688,750;0,004;0,011;0,003;1,460;3,996;-14.581,875;-29.245,000;lynx-EURUSD-FUT-optie-15-5-2026-put-1.175
HEINEKEN;degiro;put;short;2026-05-15;1;66,000;-300,000;3,000;243,000;-2,250;64,600;asset_last_prices: HEIA/EUR 2026-05-13 21:15:50;1,900;last_price;2026-05-13 22:05:51;;;420,000;0,500;150,000;-177,000;4.446,000;19.800,000;4.446,000;0,034;0,055;-0,040;12,314;19,949;-2.115,000;-4.053,000;degiro-HEINEKEN-optie-15-5-2026-put-66
HEINEKEN;lynx;call;short;2026-05-15;1;67,000;-200,000;2,000;48,000;-1,580;64,600;asset_last_prices: HEIA/EUR 2026-05-13 21:15:50;0,110;last_price;2026-05-13 22:05:51;;;0,000;0,110;22,000;48,000;2.126,000;;2.126,000;0,010;0,023;0,023;3,777;8,241;-764,000;-2.056,000;lynx-HEINEKEN-optie-15-5-2026-call-67
INFINEON;lynx;put;short;2026-05-15;1;47,000;-200,000;2,000;140,000;-3,500;64,950;asset_last_prices: IFX/EUR 2026-05-13 22:55:50;0,020;last_price;2026-05-13 22:05:51;;;0,000;0,020;4,000;140,000;944,000;9.400,000;944,000;0,004;0,148;0,148;1,547;54,131;140,000;140,000;lynx-INFINEON-optie-15-5-2026-put-47
ING;lynx;put;short;2026-05-15;1;24,500;-1.000,000;10,000;1.060,000;-7,900;25,430;asset_last_prices: INGA/EUR 2026-05-13 22:00:50;0,040;last_price;2026-05-13 22:05:51;;;0,000;0,040;40,000;1.060,000;4.196,000;24.500,000;4.196,000;0,010;0,253;0,253;3,480;92,207;-553,000;-3.096,000;lynx-ING-optie-15-5-2026-put-24.5
ING;degiro;call;short;2026-05-15;1;25,000;-200,000;2,000;118,000;-1,500;25,430;asset_last_prices: INGA/EUR 2026-05-13 22:00:50;0,550;last_price;2026-05-13 22:05:51;;;86,000;0,120;24,000;32,000;1.127,200;;1.127,200;0,021;0,105;0,028;7,771;38,210;-476,600;-985,200;degiro-ING-optie-15-5-2026-call-25
ING;lynx;put;long;2026-06-19;36;20,000;1.000,000;10,000;-40,000;-7,900;25,430;asset_last_prices: INGA/EUR 2026-05-13 22:00:50;0,050;last_price;2026-05-13 22:05:51;;;0,000;0,050;-50,000;-40,000;2.050,000;;2.050,000;-0,024;0,000;-0,020;-0,247;0,000;-40,000;-40,000;lynx-ING-optie-19-6-2026-put-20
ING;lynx;put;short;2026-06-19;36;25,500;-1.000,000;10,000;760,000;-7,900;25,430;asset_last_prices: INGA/EUR 2026-05-13 22:00:50;0,900;last_price;2026-05-13 22:05:51;;;70,000;0,830;830,000;690,000;5.986,000;25.500,000;5.986,000;0,139;0,127;0,115;1,406;1,287;-1.853,000;-4.396,000;lynx-ING-optie-19-6-2026-put-25.5
JOBY;interactive;put;short;2026-06-18;35;10,000;-100,000;1,000;83,000;-1,060;11,080;asset_last_prices: JOBY/USD 2026-05-13 23:54:24;0,585;bid_ask_mid;2026-05-13 22:05:51;0,550;0,620;0,000;0,585;58,500;83,000;172,100;1.000,000;172,100;0,340;0,482;0,482;3,545;5,029;80,200;-30,600;interactive-JOBY-optie-18-6-2026-put-10
JOBY;interactive;call;short;2026-06-18;35;11,000;-100,000;1,000;113,000;-1,060;11,080;asset_last_prices: JOBY/USD 2026-05-13 23:54:24;1,140;bid_ask_mid;2026-05-13 22:05:51;1,110;1,170;8,000;1,060;106,000;105,000;335,600;;335,600;0,316;0,337;0,313;3,294;3,511;-5,800;-116,600;interactive-JOBY-optie-18-6-2026-call-11
KO;interactive;call;short;2026-05-15;1;80,000;-300,000;3,000;117,000;-2,110;80,270;asset_last_prices: KO/USD 2026-05-13 23:54:24;0,725;bid_ask_mid;2026-05-13 22:05:51;0,700;0,750;81,000;0,455;136,500;36,000;5.033,700;;5.033,700;0,027;0,023;0,007;9,898;8,484;-2.372,100;-4.780,200;interactive-KO-optie-15-5-2026-call-80
MAGNUM;degiro;call;short;2026-06-19;36;12,500;-300,000;3,000;210,000;-2,250;12,630;asset_last_prices: MICC/EUR 2026-05-13 23:05:51;0,823;last_price;2026-05-13 22:05:51;;;39,000;0,693;207,949;171,000;1.004,749;;1.004,749;0,207;0,209;0,170;2,098;2,119;-207,900;-586,800;degiro-MAGNUM-optie-19-6-2026-call-12.5
MBITCOIN;interactive;put;short;2026-05-15;1;80.000,000;-0,100;0,001;156,500;-2,020;79.845,000;asset_last_prices: MBT/USD 2026-05-13 23:05:51;1.007,500;bid_ask_mid;2026-05-13 23:50:50;935,000;1.080,000;15,500;852,500;85,250;141,000;1.697,650;8.000,000;1.697,650;0,050;0,092;0,083;18,329;33,648;-657,450;-1.455,900;interactive-MBITCOIN-optie-15-5-2026-put-80000
MBITCOIN;lynx;call;short;2026-05-15;1;82.000,000;-0,100;0,001;70,500;-8,000;79.845,000;asset_last_prices: MBT/USD 2026-05-13 23:05:51;232,500;bid_ask_mid;2026-05-13 23:05:51;190,000;275,000;0,000;232,500;23,250;70,500;1.404,650;;1.404,650;0,017;0,050;0,050;6,042;18,320;-512,450;-1.310,900;lynx-MBITCOIN-optie-15-5-2026-call-82000
MICRON;lynx;put;short;2026-06-18;35;510,000;-100,000;1,000;1.070,000;-2,400;800,920;asset_last_prices: MU/USD 2026-05-13 23:54:24;7,775;bid_ask_mid;2026-05-13 22:05:51;7,350;8,200;0,000;7,775;777,500;1.070,000;5.877,500;51.000,000;5.877,500;0,132;0,182;0,182;1,380;1,899;1.070,000;1.070,000;lynx-MICRON-optie-18-6-2026-put-510
MICROSOFT;interactive;call;short;2026-05-22;8;410,000;-100,000;1,000;520,000;-0,810;404,660;asset_last_prices: MSFT/USD 2026-05-13 23:54:24;5,300;bid_ask_mid;2026-05-13 22:05:51;5,200;5,400;0,000;5,300;530,000;520,000;8.089,200;;8.089,200;0,066;0,064;0,064;2,989;2,933;-2.992,600;-7.039,200;interactive-MICROSOFT-optie-22-5-2026-call-410
MT;degiro;put;short;2026-06-19;36;45,000;-500,000;5,000;515,000;-3,750;54,980;asset_last_prices: MT/EUR 2026-05-13 21:54:28;0,800;last_price;2026-05-13 22:05:51;;;0,000;0,800;400,000;515,000;2.650,000;22.500,000;2.650,000;0,151;0,194;0,194;1,530;1,970;515,000;7,000;degiro-MT-optie-19-6-2026-put-45
NEBIUS;interactive;put;short;2026-05-22;8;150,000;-200,000;2,000;756,000;-0,720;208,400;asset_last_prices: NBIS/USD 2026-05-13 23:54:24;0,865;bid_ask_mid;2026-05-13 22:05:51;0,760;0,970;0,000;0,865;173,000;756,000;3.173,000;30.000,000;3.173,000;0,055;0,238;0,238;2,488;10,871;756,000;756,000;interactive-NEBIUS-optie-22-5-2026-put-150
NEBIUS;interactive;put;short;2026-05-22;8;180,000;-100,000;1,000;473,000;-1,060;208,400;asset_last_prices: NBIS/USD 2026-05-13 23:54:24;4,550;bid_ask_mid;2026-05-13 22:05:51;4,250;4,850;0,000;4,550;455,000;473,000;2.255,000;18.000,000;2.255,000;0,202;0,210;0,210;9,206;9,570;473,000;-855,000;interactive-NEBIUS-optie-22-5-2026-put-180
NEBIUS;interactive;put;short;2026-05-22;8;190,000;-100,000;1,000;734,000;-0,700;208,400;asset_last_prices: NBIS/USD 2026-05-13 23:54:24;7,425;bid_ask_mid;2026-05-13 22:05:51;7,150;7,700;0,000;7,425;742,500;734,000;3.070,500;19.000,000;3.070,500;0,242;0,239;0,239;11,033;10,907;490,000;-1.594,000;interactive-NEBIUS-optie-22-5-2026-put-190
NET;interactive;put;short;2026-06-18;35;200,000;-100,000;1,000;518,000;-0,710;192,620;asset_last_prices: NET/USD 2026-05-13 23:35:50;18,625;bid_ask_mid;2026-05-13 22:05:51;18,300;18,950;738,000;11,245;1.124,500;-220,000;5.714,900;20.000,000;5.714,900;0,197;0,091;-0,038;2,052;0,945;-2.146,200;-4.072,400;interactive-NET-optie-18-6-2026-put-200
NIKE;interactive;call;short;2026-05-22;8;43,000;-100,000;1,000;64,000;-0,800;42,390;asset_last_prices: NKE/USD 2026-05-13 23:54:24;0,715;bid_ask_mid;2026-05-13 22:05:51;0,690;0,740;0,000;0,715;71,500;64,000;858,300;;858,300;0,083;0,075;0,075;3,801;3,402;-298,900;-722,800;interactive-NIKE-optie-22-5-2026-call-43
NIKE;interactive;put;short;2026-06-12;29;45,000;-100,000;1,000;326,000;-1,060;42,390;asset_last_prices: NKE/USD 2026-05-13 23:54:24;3,500;bid_ask_mid;2026-05-13 22:05:51;3,300;3,700;261,000;0,890;89,000;65,000;1.197,800;4.500,000;1.197,800;0,074;0,272;0,054;0,935;3,426;-358,900;-782,800;interactive-NIKE-optie-12-6-2026-put-45
O;lynx;call;short;2026-05-15;1;65,000;-700,000;7,000;315,000;-16,800;61,450;asset_last_prices: O/USD 2026-05-13 23:54:24;0,030;last_price;2026-05-13 22:05:51;;0,050;0,000;0,030;21,000;315,000;6.139,000;;6.139,000;0,003;0,051;0,051;1,249;18,729;-1.501,500;-5.803,000;lynx-O-optie-15-5-2026-call-65
OKLO;interactive;put;short;2026-05-15;1;69,000;-100,000;1,000;210,000;-0,810;69,650;asset_last_prices: OKLO/USD 2026-05-13 23:54:24;1,925;bid_ask_mid;2026-05-13 22:05:51;1,850;2,000;0,000;1,925;192,500;210,000;1.520,500;6.900,000;1.520,500;0,127;0,138;0,138;46,210;50,411;-421,500;-1.118,000;interactive-OKLO-optie-15-5-2026-put-69
OKTA;lynx;put;short;2026-05-15;1;80,000;-100,000;1,000;209,000;-2,400;78,310;asset_last_prices: OKTA/USD 2026-05-13 22:45:50;2,525;bid_ask_mid;2026-05-13 22:05:51;2,310;2,740;169,000;0,835;83,500;40,000;1.818,700;8.000,000;1.818,700;0,046;0,115;0,022;16,758;41,945;-743,100;-1.526,200;lynx-OKTA-optie-15-5-2026-put-80
ORACLE;interactive;put;short;2026-05-15;1;160,000;-100,000;1,000;375,000;-1,060;190,510;asset_last_prices: ORCL/USD 2026-05-13 23:54:24;0,060;bid_ask_mid;2026-05-13 22:05:51;0,050;0,070;0,000;0,060;6,000;375,000;1.606,000;16.000,000;1.606,000;0,004;0,233;0,233;1,364;85,227;375,000;-384,200;interactive-ORACLE-optie-15-5-2026-put-160
ORACLE;interactive;call;short;2026-06-12;29;190,000;-100,000;1,000;2.235,000;-1,100;190,510;asset_last_prices: ORCL/USD 2026-05-13 23:54:24;15,650;bid_ask_mid;2026-05-13 22:05:51;15,250;16,050;51,000;15,140;1.514,000;2.184,000;5.375,200;;5.375,200;0,282;0,416;0,406;3,545;5,233;278,900;-1.626,200;interactive-ORACLE-optie-12-6-2026-call-190
PANW;interactive;put;short;2026-06-18;35;175,000;-100,000;1,000;450,000;-0,710;227,000;asset_last_prices: PANW/USD 2026-05-13 23:54:24;1,525;bid_ask_mid;2026-05-13 22:05:51;1,330;1,720;0,000;1,525;152,500;450,000;1.902,500;17.500,000;1.902,500;0,080;0,237;0,237;0,836;2,467;450,000;450,000;interactive-PANW-optie-18-6-2026-put-175
PG;interactive;call;short;2026-05-15;1;155,000;-100,000;1,000;66,000;-0,800;142,400;asset_last_prices: PG/USD 2026-05-13 23:54:24;0,015;bid_ask_mid;2026-05-13 22:05:51;0,010;0,020;0,000;0,015;1,500;66,000;1.589,500;;1.589,500;0,001;0,042;0,042;0,344;15,156;-98,000;-1.522,000;interactive-PG-optie-15-5-2026-call-155
PL;interactive;put;short;2026-05-15;1;36,000;-200,000;2,000;342,000;-1,410;40,590;asset_last_prices: PL/USD 2026-05-13 23:54:24;0,150;bid_ask_mid;2026-05-13 22:05:51;0,100;0,200;0,000;0,150;30,000;342,000;750,000;7.200,000;750,000;0,040;0,456;0,456;14,600;166,440;342,000;-363,600;interactive-PL-optie-15-5-2026-put-36
PL;interactive;put;short;2026-05-22;8;37,000;-100,000;1,000;105,000;-0,050;40,590;asset_last_prices: PL/USD 2026-05-13 23:54:24;1,150;bid_ask_mid;2026-05-13 22:05:51;0,950;1,350;0,000;1,150;115,000;105,000;567,800;3.700,000;567,800;0,203;0,185;0,185;9,241;8,437;58,100;-347,800;interactive-PL-optie-22-5-2026-put-37
PL;interactive;put;short;2026-06-18;35;40,000;-100,000;1,000;665,000;-0,020;40,590;asset_last_prices: PL/USD 2026-05-13 23:54:24;6,050;bid_ask_mid;2026-05-13 22:05:51;5,600;6,500;0,000;6,050;605,000;665,000;1.357,800;4.000,000;1.357,800;0,446;0,490;0,490;4,647;5,108;318,100;-87,800;interactive-PL-optie-18-6-2026-put-40
PLTR;interactive;put;short;2026-05-15;1;137,000;-200,000;2,000;742,000;-1,410;130,120;asset_last_prices: PLTR/USD 2026-05-13 23:54:24;7,325;bid_ask_mid;2026-05-13 22:05:51;7,100;7,550;1.376,000;0,445;89,000;-634,000;6.669,800;27.400,000;6.669,800;0,013;0,111;-0,095;4,870;40,605;-3.236,400;-5.838,800;interactive-PLTR-optie-15-5-2026-put-137
PLTR;interactive;put;short;2026-05-15;1;139,000;-100,000;1,000;498,000;-1,060;130,120;asset_last_prices: PLTR/USD 2026-05-13 23:54:24;9,125;bid_ask_mid;2026-05-13 22:05:51;8,900;9,350;888,000;0,245;24,500;-390,000;3.514,900;13.900,000;3.514,900;0,007;0,142;-0,111;2,544;51,714;-1.691,200;-2.992,400;interactive-PLTR-optie-15-5-2026-put-139
PROSUS;degiro;call;short;2026-05-15;1;41,000;-300,000;3,000;396,000;-2,250;40,145;asset_last_prices: PRX/EUR 2026-05-13 21:54:28;0,350;last_price;2026-05-13 22:05:51;;;0,000;0,350;105,000;396,000;2.257,200;;2.257,200;0,047;0,175;0,175;16,979;64,035;-551,850;-1.756,200;degiro-PROSUS-optie-15-5-2026-call-41
PROSUS;degiro;put;short;2026-05-22;8;42,000;-400,000;4,000;480,000;-3,000;40,145;asset_last_prices: PRX/EUR 2026-05-13 21:54:28;3,852;last_price;2026-05-13 22:05:51;;;742,000;1,997;798,828;-262,000;4.752,428;16.800,000;4.752,428;0,168;0,101;-0,055;7,669;4,608;-1.867,800;-3.473,600;degiro-PROSUS-optie-22-5-2026-put-42
RAND;lynx;put;short;2026-05-15;1;24,500;-200,000;2,000;120,000;-1,580;24,100;asset_last_prices: RAND/EUR 2026-05-13 21:15:50;0,900;last_price;2026-05-13 22:05:51;;;80,000;0,500;100,000;40,000;1.144,000;4.900,000;1.144,000;0,087;0,105;0,035;31,906;38,287;-442,000;-924,000;lynx-RAND-optie-15-5-2026-put-24.5
RAND;lynx;put;short;2026-06-19;36;25,000;-200,000;2,000;148,000;-1,580;24,100;asset_last_prices: RAND/EUR 2026-05-13 21:15:50;1,610;last_price;2026-05-13 22:05:51;;;180,000;0,710;142,000;-32,000;1.286,000;5.000,000;1.286,000;0,110;0,115;-0,025;1,120;1,167;-514,000;-996,000;lynx-RAND-optie-19-6-2026-put-25
RDSA;degiro;put;short;2026-05-15;1;36,000;-400,000;4,000;124,000;-3,000;36,205;asset_last_prices: SHELL/EUR 2026-05-13 21:54:28;0,190;last_price;2026-05-13 22:05:51;;;0,000;0,190;76,000;124,000;2.890,400;14.400,000;2.890,400;0,026;0,043;0,043;9,597;15,659;-1.242,200;-2.690,400;degiro-RDSA-optie-15-5-2026-put-36
RDSA;lynx;put;short;2026-05-15;1;36,000;-500,000;5,000;155,000;-3,950;36,205;asset_last_prices: SHELL/EUR 2026-05-13 21:54:28;0,190;last_price;2026-05-13 22:05:51;;;0,000;0,190;95,000;155,000;3.613,000;18.000,000;3.613,000;0,026;0,043;0,043;9,597;15,659;-1.552,750;-3.363,000;lynx-RDSA-optie-15-5-2026-put-36
RDSA;lynx;put;short;2026-05-15;1;37,000;-500,000;5,000;190,000;-8,750;36,205;asset_last_prices: SHELL/EUR 2026-05-13 21:54:28;0,770;last_price;2026-05-13 22:05:51;;;397,500;0,000;0,000;-207,500;4.005,500;18.500,000;4.005,500;0,000;0,047;-0,052;0,000;17,314;-2.017,750;-3.828,000;lynx-RDSA-optie-15-5-2026-put-37
RELX;degiro;call;short;2026-05-15;1;32,000;-100,000;1,000;30,000;-0,750;26,960;asset_last_prices: REN/EUR 2026-05-13 17:45:11;0,015;bid_ask_mid;2026-05-13 17:35:11;0,010;0,020;0,000;0,015;1,500;30,000;271,100;;271,100;0,006;0,111;0,111;2,020;40,391;30,000;-5,200;degiro-RELX-optie-15-5-2026-call-32
RELX;lynx;call;short;2026-05-15;1;34,000;-300,000;3,000;105,000;-2,370;26,960;asset_last_prices: REN/EUR 2026-05-13 17:45:11;0,030;bid_ask_mid;2026-05-13 17:35:11;0,010;0,050;0,000;0,030;9,000;105,000;817,800;;817,800;0,011;0,128;0,128;4,017;46,864;105,000;105,000;lynx-RELX-optie-15-5-2026-call-34
RELX;degiro;put;short;2026-06-19;36;28,000;-200,000;2,000;276,000;-1,500;26,960;asset_last_prices: REN/EUR 2026-05-13 17:45:11;2,000;last_price;2026-05-13 22:05:51;;;208,000;0,960;192,000;68,000;1.478,400;5.600,000;1.478,400;0,130;0,187;0,046;1,317;1,893;-471,200;-1.010,400;degiro-RELX-optie-19-6-2026-put-28
RELX;degiro;call;short;2026-06-19;36;30,000;-300,000;3,000;162,000;-2,250;26,960;asset_last_prices: REN/EUR 2026-05-13 17:45:11;0,360;last_price;2026-05-13 22:05:51;;;0,000;0,360;108,000;162,000;916,800;;916,800;0,118;0,177;0,177;1,194;1,792;162,000;-543,600;degiro-RELX-optie-19-6-2026-call-30
RELX;lynx;call;short;2026-06-19;36;30,000;-100,000;1,000;51,000;-0,790;26,960;asset_last_prices: REN/EUR 2026-05-13 17:45:11;0,360;last_price;2026-05-13 22:05:51;;;0,000;0,360;36,000;51,000;305,600;;305,600;0,118;0,167;0,167;1,194;1,692;51,000;-184,200;lynx-RELX-optie-19-6-2026-call-30
RMRGROUP;interactive;call;short;2026-06-18;35;17,500;-100,000;1,000;78,000;-1,050;19,380;asset_last_prices: RMR/USD 2026-05-13 22:00:50;2,075;bid_ask_mid;2026-05-13 22:05:51;2,050;2,100;188,000;0,195;19,500;-110,000;595,100;;595,100;0,033;0,131;-0,185;0,342;1,367;-303,800;-497,600;interactive-RMRGROUP-optie-18-6-2026-call-17.5
ROBINHOOD;interactive;put;short;2026-05-15;1;78,000;-300,000;3,000;1.224,000;-2,000;76,860;asset_last_prices: HOOD/USD 2026-05-13 23:54:24;2,345;bid_ask_mid;2026-05-13 22:05:51;2,250;2,440;342,000;1,205;361,500;882,000;5.315,100;23.400,000;5.315,100;0,068;0,230;0,166;24,825;84,055;-1.423,800;-3.729,600;interactive-ROBINHOOD-optie-15-5-2026-put-78
ROBINHOOD;interactive;call;short;2026-05-15;1;80,000;-100,000;1,000;194,000;-1,060;76,860;asset_last_prices: HOOD/USD 2026-05-13 23:54:24;0,615;bid_ask_mid;2026-05-13 22:05:51;0,600;0,630;0,000;0,615;61,500;194,000;1.284,700;;1.284,700;0,048;0,151;0,151;17,473;55,118;-260,600;-1.029,200;interactive-ROBINHOOD-optie-15-5-2026-call-80
ROCKETLAB;interactive;put;short;2026-05-22;8;100,000;-100,000;1,000;241,000;-2,400;122,800;asset_last_prices: RKLB/USD 2026-05-13 23:54:24;0,760;bid_ask_mid;2026-05-13 22:05:51;0,670;0,850;0,000;0,760;76,000;241,000;1.076,000;10.000,000;1.076,000;0,071;0,224;0,224;3,223;10,219;241,000;65,000;interactive-ROCKETLAB-optie-22-5-2026-put-100
SERVICENOW;lynx;put;short;2026-06-18;35;85,000;-200,000;2,000;980,000;-4,800;87,230;asset_last_prices: NOW/USD 2026-05-13 23:54:24;4,800;bid_ask_mid;2026-05-13 22:05:51;4,700;4,900;0,000;4,800;960,000;980,000;4.003,200;17.000,000;4.003,200;0,240;0,245;0,245;2,501;2,553;-318,600;-2.063,200;lynx-SERVICENOW-optie-18-6-2026-put-85
SLV;lynx;put;short;2026-05-15;1;74,500;-200,000;2,000;1.726,000;-4,800;79,200;asset_last_prices: SLV/USD 2026-05-13 23:54:24;0,230;bid_ask_mid;2026-05-13 22:20:50;0,220;0,240;0,000;0,230;46,000;1.726,000;2.274,000;14.900,000;2.274,000;0,020;0,759;0,759;7,383;277,040;1.082,000;-502,000;lynx-SLV-optie-15-5-2026-put-74.5
SLV;interactive;put;short;2026-05-20;6;71,000;-200,000;2,000;131,000;-1,680;79,200;asset_last_prices: SLV/USD 2026-05-13 23:54:24;0,275;bid_ask_mid;2026-05-13 22:20:50;0,250;0,300;0,000;0,275;55,000;131,000;1.583,000;14.200,000;1.583,000;0,035;0,083;0,083;2,114;5,034;131,000;-1.397,000;interactive-SLV-optie-20-5-2026-put-71
SLV;interactive;put;short;2026-05-20;6;72,000;-100,000;1,000;82,000;-1,050;79,200;asset_last_prices: SLV/USD 2026-05-13 23:54:24;0,360;bid_ask_mid;2026-05-13 22:20:50;0,340;0,380;0,000;0,360;36,000;82,000;900,000;7.200,000;900,000;0,040;0,091;0,091;2,433;5,543;10,000;-782,000;interactive-SLV-optie-20-5-2026-put-72
SLV;interactive;put;short;2026-05-20;6;75,000;-200,000;2,000;128,000;-1,520;79,200;asset_last_prices: SLV/USD 2026-05-13 23:54:24;0,870;bid_ask_mid;2026-05-13 22:20:50;0,830;0,910;0,000;0,870;174,000;128,000;2.502,000;15.000,000;2.502,000;0,070;0,051;0,051;4,231;3,112;-616,000;-2.200,000;interactive-SLV-optie-20-5-2026-put-75
SLV;interactive;call;short;2026-05-22;8;71,000;-100,000;1,000;1.007,000;-0,720;79,200;asset_last_prices: SLV/USD 2026-05-13 23:54:24;8,825;bid_ask_mid;2026-05-13 22:20:50;8,750;8,900;820,000;0,625;62,500;187,000;2.466,500;;2.466,500;0,025;0,408;0,076;1,156;18,627;-605,000;-1.397,000;interactive-SLV-optie-22-5-2026-call-71
SLV;lynx;put;short;2026-05-22;8;71,000;-300,000;3,000;108,000;-7,200;79,200;asset_last_prices: SLV/USD 2026-05-13 23:54:24;0,440;bid_ask_mid;2026-05-13 22:20:50;0,410;0,470;0,000;0,440;132,000;108,000;2.424,000;21.300,000;2.424,000;0,054;0,045;0,045;2,485;2,033;108,000;-2.184,000;lynx-SLV-optie-22-5-2026-put-71
SMR;lynx;put;short;2026-05-15;1;15,000;-200,000;2,000;400,000;-4,800;12,050;asset_last_prices: SMR/USD 2026-05-13 23:54:24;3,080;bid_ask_mid;2026-05-13 22:05:51;2,960;3,200;589,940;0,130;26,060;-189,940;1.098,012;3.000,000;1.098,012;0,024;0,364;-0,173;8,663;132,968;-430,946;-671,952;lynx-SMR-optie-15-5-2026-put-15
SMR;interactive;put;short;2026-05-22;8;11,500;-100,000;1,000;49,000;-1,060;12,050;asset_last_prices: SMR/USD 2026-05-13 23:54:24;0,570;bid_ask_mid;2026-05-13 22:05:51;0,550;0,590;0,000;0,570;57,000;49,000;242,976;1.150,000;242,976;0,235;0,202;0,202;10,703;9,201;-16,473;-136,976;interactive-SMR-optie-22-5-2026-put-11.5
SMR;interactive;put;short;2026-05-22;8;15,000;-100,000;1,000;261,000;-0,710;12,050;asset_last_prices: SMR/USD 2026-05-13 23:54:24;3,055;bid_ask_mid;2026-05-13 22:05:51;2,760;3,350;294,970;0,105;10,530;-33,970;546,506;1.500,000;546,506;0,019;0,478;-0,062;0,879;21,790;-154,473;-274,976;interactive-SMR-optie-22-5-2026-put-15
SNOW;interactive;put;short;2026-05-15;1;142,000;-100,000;1,000;216,000;-0,700;152,610;asset_last_prices: SNOW/USD 2026-05-13 23:54:24;0,425;bid_ask_mid;2026-05-13 22:05:51;0,350;0,500;0,000;0,425;42,500;216,000;2.033,700;14.200,000;2.033,700;0,021;0,106;0,106;7,628;38,767;-249,100;-1.775,200;interactive-SNOW-optie-15-5-2026-put-142
SNOW;interactive;put;short;2026-05-15;1;150,000;-100,000;1,000;1.238,000;-1,080;152,610;asset_last_prices: SNOW/USD 2026-05-13 23:54:24;2,250;bid_ask_mid;2026-05-13 22:05:51;2,130;2,370;0,000;2,250;225,000;1.238,000;3.016,200;15.000,000;3.016,200;0,075;0,410;0,410;27,228;149,814;-27,100;-1.553,200;interactive-SNOW-optie-15-5-2026-put-150
SOFI;interactive;call;short;2026-05-22;8;17,000;-100,000;1,000;32,000;-1,050;15,370;asset_last_prices: SOFI/USD 2026-05-13 23:54:24;0,095;bid_ask_mid;2026-05-13 22:05:51;0,090;0,100;0,000;0,095;9,500;32,000;163,200;;163,200;0,058;0,196;0,196;2,656;8,946;32,000;-112,400;interactive-SOFI-optie-22-5-2026-call-17
UBER;lynx;put;short;2026-05-22;8;75,000;-100,000;1,000;92,000;-2,400;74,890;asset_last_prices: UBER/USD 2026-05-13 23:54:24;1,780;bid_ask_mid;2026-05-13 22:05:51;1,730;1,830;11,000;1,670;167,000;81,000;1.675,800;7.500,000;1.675,800;0,100;0,055;0,048;4,547;2,505;-667,900;-1.416,800;lynx-UBER-optie-22-5-2026-put-75
UBER;lynx;put;short;2026-05-22;8;76,000;-100,000;1,000;142,000;-2,400;74,890;asset_last_prices: UBER/USD 2026-05-13 23:54:24;2,355;bid_ask_mid;2026-05-13 22:05:51;2,300;2,410;111,000;1,245;124,500;31,000;1.733,300;7.600,000;1.733,300;0,072;0,082;0,018;3,277;3,738;-717,900;-1.466,800;lynx-UBER-optie-22-5-2026-put-76
UBER;lynx;put;short;2026-06-05;22;80,000;-200,000;2,000;1.220,000;-4,800;74,890;asset_last_prices: UBER/USD 2026-05-13 23:54:24;5,950;bid_ask_mid;2026-05-13 22:05:51;5,750;6,150;1.022,000;0,840;168,000;198,000;4.185,600;16.000,000;4.185,600;0,040;0,291;0,047;0,666;4,836;-1.299,800;-2.797,600;lynx-UBER-optie-5-6-2026-put-80
UNH;lynx;call;short;2026-05-15;1;380,000;-100,000;1,000;1.193,000;-2,400;400,610;asset_last_prices: UNH/USD 2026-05-13 23:54:24;21,300;bid_ask_mid;2026-05-13 22:05:51;20,450;22,150;2.061,000;0,690;69,000;-868,000;10.142,200;;10.142,200;0,007;0,118;-0,086;2,483;42,934;-4.874,100;-8.880,200;lynx-UNH-optie-15-5-2026-call-380
UNH;interactive;call;short;2026-06-18;35;350,000;-100,000;1,000;4.296,000;-1,050;400,610;asset_last_prices: UNH/USD 2026-05-13 23:54:24;53,750;bid_ask_mid;2026-05-13 22:05:51;53,250;54,250;5.061,000;3,140;314,000;-765,000;13.387,200;;13.387,200;0,023;0,321;-0,057;0,245;3,347;-4.771,100;-8.777,200;interactive-UNH-optie-18-6-2026-call-350
UPBOUND;interactive;put;long;2026-05-15;1;17,500;100,000;1,000;-52,000;-1,050;17,280;asset_last_prices: UPBD/USD 2026-05-13 22:00:50;0,450;bid_ask_mid;2026-05-13 22:05:51;0,150;0,750;22,000;0,230;-23,000;-30,000;390,600;;390,600;-0,059;0,000;-0,077;-21,493;0,000;142,800;315,600;interactive-UPBOUND-optie-15-5-2026-put-17.5
UPBOUND;interactive;call;short;2026-05-15;1;20,000;-100,000;1,000;86,000;-1,050;17,280;asset_last_prices: UPBD/USD 2026-05-13 22:00:50;0,100;last_price;2026-05-13 22:05:51;;0,100;0,000;0,100;10,000;86,000;182,800;;182,800;0,055;0,470;0,470;19,967;171,718;86,000;12,400;interactive-UPBOUND-optie-15-5-2026-call-20
UPBOUND;interactive;call;short;2026-06-18;35;17,500;-100,000;1,000;90,000;-0,400;17,280;asset_last_prices: UPBD/USD 2026-05-13 22:00:50;0,875;bid_ask_mid;2026-05-13 22:05:51;0,800;0,950;0,000;0,875;87,500;90,000;411,100;;411,100;0,213;0,219;0,219;2,220;2,283;-60,800;-233,600;interactive-UPBOUND-optie-18-6-2026-call-17.5
UPBOUND;interactive;put;short;2026-06-18;35;17,500;-200,000;2,000;177,000;-1,110;17,280;asset_last_prices: UPBD/USD 2026-05-13 22:00:50;1,200;bid_ask_mid;2026-05-13 22:05:51;1,050;1,350;44,000;0,980;196,000;133,000;931,200;3.500,000;931,200;0,210;0,190;0,143;2,195;1,982;-212,600;-558,200;interactive-UPBOUND-optie-18-6-2026-put-17.5
UPS;interactive;call;short;2026-05-15;1;106,000;-100,000;1,000;355,000;-1,060;98,530;asset_last_prices: UPS/USD 2026-05-13 23:35:50;0,060;last_price;2026-05-13 22:05:51;;0,060;0,000;0,060;6,000;355,000;1.229,600;;1.229,600;0,005;0,289;0,289;1,781;105,380;116,700;-868,600;interactive-UPS-optie-15-5-2026-call-106
UPS;interactive;call;short;2026-06-18;35;105,000;-100,000;1,000;77,000;-0,560;98,530;asset_last_prices: UPS/USD 2026-05-13 23:35:50;0,820;bid_ask_mid;2026-05-13 22:05:51;0,760;0,880;0,000;0,820;82,000;77,000;1.405,600;;1.405,600;0,058;0,055;0,055;0,608;0,571;-261,300;-1.246,600;interactive-UPS-optie-18-6-2026-call-105
URW;degiro;call;short;2026-05-15;1;104,000;-200,000;2,000;590,000;-1,500;100,850;asset_last_prices: URW/EUR 2026-05-13 21:15:50;0,040;last_price;2026-05-13 22:05:51;;;0,000;0,040;8,000;590,000;3.412,000;;3.412,000;0,002;0,173;0,173;0,856;63,115;-797,000;-2.814,000;degiro-URW-optie-15-5-2026-call-104
URW;lynx;call;short;2026-05-22;8;100,000;-200,000;2,000;152,000;-3,500;100,850;asset_last_prices: URW/EUR 2026-05-13 21:15:50;0,760;last_price;2026-05-13 22:05:51;;;170,000;0,000;0,000;-18,000;4.186,000;;4.186,000;0,000;0,036;-0,004;0,000;1,657;-2.035,000;-4.052,000;lynx-URW-optie-22-5-2026-call-100
UVXY;interactive;call;short;2026-05-15;1;35,000;-600,000;6,000;1.143,000;-2,100;36,640;asset_last_prices: UVXY/USD 2026-05-13 23:54:24;1,775;bid_ask_mid;2026-05-13 22:20:50;1,400;2,150;984,000;0,135;81,000;159,000;5.461,800;;5.461,800;0,015;0,209;0,029;5,413;76,384;-2.039,400;-4.237,800;interactive-UVXY-optie-15-5-2026-call-35
UVXY;interactive;call;short;2026-05-15;1;35,500;-100,000;1,000;163,000;-0,700;36,640;asset_last_prices: UVXY/USD 2026-05-13 23:54:24;1,320;bid_ask_mid;2026-05-13 22:20:50;1,140;1,500;114,000;0,180;18,000;49,000;864,800;;864,800;0,021;0,188;0,057;7,597;68,796;-317,400;-683,800;interactive-UVXY-optie-15-5-2026-call-35.5
UVXY;interactive;call;short;2026-05-15;1;36,000;-100,000;1,000;149,000;-0,700;36,640;asset_last_prices: UVXY/USD 2026-05-13 23:54:24;1,030;bid_ask_mid;2026-05-13 22:20:50;0,810;1,250;64,000;0,390;39,000;85,000;835,800;;835,800;0,047;0,178;0,102;17,032;65,069;-281,400;-647,800;interactive-UVXY-optie-15-5-2026-call-36
UVXY;interactive;put;short;2026-05-15;1;37,000;-100,000;1,000;210,000;-1,060;36,640;asset_last_prices: UVXY/USD 2026-05-13 23:54:24;1,100;bid_ask_mid;2026-05-13 22:20:50;0,710;1,490;36,000;0,740;74,000;174,000;842,800;3.700,000;842,800;0,088;0,249;0,206;32,048;90,947;-192,400;-558,800;interactive-UVXY-optie-15-5-2026-put-37
UVXY;interactive;call;long;2026-05-22;8;60,000;100,000;1,000;-16,000;-1,050;36,640;asset_last_prices: UVXY/USD 2026-05-13 23:54:24;0,155;bid_ask_mid;2026-05-13 22:20:50;0,030;0,280;0,000;0,155;-15,500;-16,000;381,900;;381,900;-0,041;0,000;-0,042;-1,852;0,000;-16,000;-16,000;interactive-UVXY-optie-22-5-2026-call-60
VERNOVA;interactive;put;short;2026-05-22;8;900,000;-100,000;1,000;263,000;-0,260;1.064,260;asset_last_prices: GEV/USD 2026-05-13 23:54:24;2,375;bid_ask_mid;2026-05-13 22:05:51;1,650;3,100;0,000;2,375;237,500;263,000;9.237,500;90.000,000;9.237,500;0,026;0,028;0,028;1,173;1,299;263,000;-4.596,200;interactive-VERNOVA-optie-22-5-2026-put-900
VFC;interactive;call;short;2026-05-15;1;22,000;-2.600,000;26,000;2.678,000;-18,000;17,130;asset_last_prices: VFC/USD 2026-05-13 22:00:50;0,630;last_price;2026-05-13 22:05:51;;0,630;0,000;0,630;1.638,000;2.678,000;6.091,800;;6.091,800;0,269;0,440;0,440;98,143;160,457;2.678,000;2.678,000;interactive-VFC-optie-15-5-2026-call-22
VFC;interactive;put;short;2026-06-12;29;18,500;-500,000;5,000;1.070,000;-3,500;17,130;asset_last_prices: VFC/USD 2026-05-13 22:00:50;2,280;bid_ask_mid;2026-05-13 22:05:51;2,060;2,500;685,000;0,910;455,000;385,000;2.853,000;9.250,000;2.853,000;0,159;0,375;0,135;2,007;4,720;-471,500;-1.328,000;interactive-VFC-optie-12-6-2026-put-18.5
VISA;lynx;put;short;2026-05-15;1;325,000;-100,000;1,000;353,000;-2,400;320,790;asset_last_prices: V/USD 2026-05-13 23:54:24;5,325;bid_ask_mid;2026-05-13 22:05:51;4,650;6,000;421,000;1,115;111,500;-68,000;6.948,300;32.500,000;6.948,300;0,016;0,051;-0,010;5,857;18,543;-3.275,900;-6.483,800;lynx-VISA-optie-15-5-2026-put-325
VOLKSWAGEN;lynx;call;short;2026-05-15;1;90,000;-200,000;2,000;828,000;-3,500;88,850;asset_last_prices: VOW/EUR 2026-05-13 22:45:50;0,730;last_price;2026-05-13 22:05:51;;;0,000;0,730;146,000;828,000;3.470,000;;3.470,000;0,042;0,239;0,239;15,357;87,095;-719,000;-2.496,000;lynx-VOLKSWAGEN-optie-15-5-2026-call-90
VZ;interactive;call;short;2026-05-15;1;50,000;-300,000;3,000;105,000;-0,670;47,300;asset_last_prices: VZ/USD 2026-05-13 23:25:50;0,015;bid_ask_mid;2026-05-13 22:05:51;0,010;0,020;0,000;0,015;4,500;105,000;2.032,500;;2.032,500;0,002;0,052;0,052;0,808;18,856;-504,000;-1.923,000;interactive-VZ-optie-15-5-2026-call-50
WKL;degiro;call;short;2026-05-15;1;70,000;-100,000;1,000;148,000;-0,750;57,200;asset_last_prices: WKL/EUR 2026-05-13 22:45:50;0,010;last_price;2026-05-13 22:05:51;;;0,000;0,010;1,000;148,000;573,000;;573,000;0,002;0,258;0,258;0,637;94,276;148,000;148,000;degiro-WKL-optie-15-5-2026-call-70
WKL;lynx;call;short;2026-05-15;1;80,000;-100,000;1,000;117,000;-0,790;57,200;asset_last_prices: WKL/EUR 2026-05-13 22:45:50;0,050;bid_ask_mid;2026-05-13 17:35:11;0,010;0,090;0,000;0,050;5,000;117,000;577,000;;577,000;0,009;0,203;0,203;3,163;74,012;117,000;117,000;lynx-WKL-optie-15-5-2026-call-80
WKL;degiro;call;short;2026-06-19;36;62,000;-100,000;1,000;216,000;-0,750;57,200;asset_last_prices: WKL/EUR 2026-05-13 22:45:50;1,320;last_price;2026-05-13 22:05:51;;;0,000;1,320;132,000;216,000;796,000;;796,000;0,166;0,271;0,271;1,681;2,751;124,000;-448,000;degiro-WKL-optie-19-6-2026-call-62
WKL;lynx;call;short;2026-06-19;36;62,000;-100,000;1,000;214,000;-0,790;57,200;asset_last_prices: WKL/EUR 2026-05-13 22:45:50;1,320;last_price;2026-05-13 22:05:51;;;0,000;1,320;132,000;214,000;796,000;;796,000;0,166;0,269;0,269;1,681;2,726;122,000;-450,000;lynx-WKL-optie-19-6-2026-call-62
XLV;interactive;call;short;2026-05-15;1;155,000;-100,000;1,000;53,000;-1,050;146,790;asset_last_prices: XLV/USD 2026-05-13 23:54:24;0,020;last_price;2026-05-13 22:20:50;;0,020;0,000;0,020;2,000;53,000;2.116,800;;2.116,800;0,001;0,025;0,025;0,345;9,139;-593,900;-2.061,800;interactive-XLV-optie-15-5-2026-call-155
