date,open,high,low,close,volume,index_name,symbol,exchange,currency
20210315,14504.49,14572.24,14409.35,14461.42,0.0,DAX,DAX,EUREX,EUR
20210316,14519.72,14601.79,14511.3,14557.58,0.0,DAX,DAX,EUREX,EUR
20210317,14565.29,14601.63,14539.7,14596.61,0.0,DAX,DAX,EUREX,EUR
20210318,14673.72,14804.01,14669.95,14775.52,0.0,DAX,DAX,EUREX,EUR
20210319,14697.26,14747.56,14563.21,14621.0,0.0,DAX,DAX,EUREX,EUR
20210322,14551.17,14677.12,14539.27,14657.21,0.0,DAX,DAX,EUREX,EUR
20210323,14582.07,14707.37,14516.22,14662.02,0.0,DAX,DAX,EUREX,EUR
20210324,14543.58,14619.04,14523.12,14610.39,0.0,DAX,DAX,EUREX,EUR
20210325,14550.4,14621.36,14422.65,14621.36,0.0,DAX,DAX,EUREX,EUR
20210326,14714.59,14776.32,14693.94,14748.94,0.0,DAX,DAX,EUREX,EUR
20210329,14809.8,14845.42,14756.04,14817.72,0.0,DAX,DAX,EUREX,EUR
20210330,14897.66,15029.7,14890.28,15008.61,0.0,DAX,DAX,EUREX,EUR
20210331,14982.12,15026.49,14973.59,15008.34,0.0,DAX,DAX,EUREX,EUR
20210401,15053.77,15110.92,15032.52,15107.17,0.0,DAX,DAX,EUREX,EUR
20210406,15289.97,15311.86,15209.9,15212.68,0.0,DAX,DAX,EUREX,EUR
20210407,15221.23,15242.73,15160.28,15176.36,0.0,DAX,DAX,EUREX,EUR
20210408,15236.44,15247.78,15144.11,15202.68,0.0,DAX,DAX,EUREX,EUR
20210409,15198.14,15243.56,15157.21,15234.16,0.0,DAX,DAX,EUREX,EUR
20210412,15238.85,15275.33,15212.24,15215.0,0.0,DAX,DAX,EUREX,EUR
20210413,15244.62,15281.65,15184.95,15234.36,0.0,DAX,DAX,EUREX,EUR
20210414,15253.59,15255.92,15191.51,15209.15,0.0,DAX,DAX,EUREX,EUR
20210415,15238.63,15271.69,15227.63,15255.33,0.0,DAX,DAX,EUREX,EUR
20210416,15277.85,15473.83,15274.22,15459.75,0.0,DAX,DAX,EUREX,EUR
20210419,15496.87,15501.84,15368.14,15368.39,0.0,DAX,DAX,EUREX,EUR
20210420,15361.15,15393.13,15109.54,15129.51,0.0,DAX,DAX,EUREX,EUR
20210421,15179.91,15210.69,15071.78,15195.97,0.0,DAX,DAX,EUREX,EUR
20210422,15252.04,15328.33,15230.2,15320.52,0.0,DAX,DAX,EUREX,EUR
20210423,15267.76,15309.09,15149.35,15279.62,0.0,DAX,DAX,EUREX,EUR
20210426,15297.93,15325.89,15237.02,15296.34,0.0,DAX,DAX,EUREX,EUR
20210427,15282.84,15293.89,15186.76,15249.27,0.0,DAX,DAX,EUREX,EUR
20210428,15320.4,15355.28,15266.61,15292.18,0.0,DAX,DAX,EUREX,EUR
20210429,15326.23,15329.72,15085.02,15154.2,0.0,DAX,DAX,EUREX,EUR
20210430,15204.39,15244.26,15135.91,15135.91,0.0,DAX,DAX,EUREX,EUR
20210503,15191.79,15268.56,15111.3,15236.47,0.0,DAX,DAX,EUREX,EUR
20210504,15259.5,15260.75,14845.27,14856.48,0.0,DAX,DAX,EUREX,EUR
20210505,14969.63,15170.78,14963.77,15170.78,0.0,DAX,DAX,EUREX,EUR
20210506,15170.77,15281.4,15092.77,15196.74,0.0,DAX,DAX,EUREX,EUR
20210507,15348.32,15406.41,15290.2,15399.65,0.0,DAX,DAX,EUREX,EUR
20210510,15417.53,15419.43,15347.96,15400.41,0.0,DAX,DAX,EUREX,EUR
20210511,15253.32,15255.89,15006.73,15119.75,0.0,DAX,DAX,EUREX,EUR
20210512,15144.04,15226.36,15058.11,15150.22,0.0,DAX,DAX,EUREX,EUR
20210513,14967.8,15235.89,14816.35,15199.68,0.0,DAX,DAX,EUREX,EUR
20210514,15301.74,15417.24,15214.68,15416.64,0.0,DAX,DAX,EUREX,EUR
20210517,15432.34,15482.23,15353.66,15396.62,0.0,DAX,DAX,EUREX,EUR
20210518,15514.72,15538.01,15344.1,15386.58,0.0,DAX,DAX,EUREX,EUR
20210519,15238.82,15266.53,14961.27,15113.56,0.0,DAX,DAX,EUREX,EUR
20210520,15207.32,15370.26,15102.35,15370.26,0.0,DAX,DAX,EUREX,EUR
20210521,15411.03,15467.19,15364.43,15437.51,0.0,DAX,DAX,EUREX,EUR
20210525,15548.29,15568.6,15465.09,15465.09,0.0,DAX,DAX,EUREX,EUR
20210526,15520.44,15541.86,15407.48,15450.72,0.0,DAX,DAX,EUREX,EUR
20210527,15419.2,15490.06,15350.67,15406.73,0.0,DAX,DAX,EUREX,EUR
20210528,15443.14,15548.72,15435.74,15519.98,0.0,DAX,DAX,EUREX,EUR
20210531,15496.48,15499.64,15414.38,15421.13,0.0,DAX,DAX,EUREX,EUR
20210601,15513.13,15685.4,15512.36,15567.36,0.0,DAX,DAX,EUREX,EUR
20210602,15570.77,15631.02,15554.02,15602.71,0.0,DAX,DAX,EUREX,EUR
20210603,15591.54,15657.15,15477.32,15632.67,0.0,DAX,DAX,EUREX,EUR
20210604,15651.69,15705.89,15607.92,15692.9,0.0,DAX,DAX,EUREX,EUR
20210607,15661.58,15732.06,15614.18,15677.15,0.0,DAX,DAX,EUREX,EUR
20210608,15674.41,15727.23,15638.32,15640.6,0.0,DAX,DAX,EUREX,EUR
20210609,15642.74,15669.14,15505.15,15581.14,0.0,DAX,DAX,EUREX,EUR
20210610,15610.08,15637.94,15513.36,15571.22,0.0,DAX,DAX,EUREX,EUR
20210611,15583.29,15703.84,15548.35,15693.27,0.0,DAX,DAX,EUREX,EUR
20210614,15739.89,15802.67,15673.64,15673.64,0.0,DAX,DAX,EUREX,EUR
20210615,15744.77,15792.35,15714.94,15729.52,0.0,DAX,DAX,EUREX,EUR
20210616,15756.83,15759.66,15674.61,15710.57,0.0,DAX,DAX,EUREX,EUR
20210617,15655.32,15752.34,15649.22,15727.67,0.0,DAX,DAX,EUREX,EUR
20210618,15720.52,15736.93,15426.76,15448.04,0.0,DAX,DAX,EUREX,EUR
20210621,15391.5,15606.57,15309.44,15603.24,0.0,DAX,DAX,EUREX,EUR
20210622,15587.57,15652.75,15518.31,15636.33,0.0,DAX,DAX,EUREX,EUR
20210623,15674.33,15675.9,15456.39,15456.39,0.0,DAX,DAX,EUREX,EUR
20210624,15528.55,15606.89,15476.67,15589.23,0.0,DAX,DAX,EUREX,EUR
20210625,15584.9,15612.66,15533.4,15607.97,0.0,DAX,DAX,EUREX,EUR
20210628,15570.8,15668.08,15542.17,15554.18,0.0,DAX,DAX,EUREX,EUR
20210629,15565.83,15752.93,15555.49,15690.59,0.0,DAX,DAX,EUREX,EUR
20210630,15700.06,15709.34,15461.2,15531.04,0.0,DAX,DAX,EUREX,EUR
20210701,15624.28,15708.78,15488.49,15603.81,0.0,DAX,DAX,EUREX,EUR
20210702,15644.84,15705.53,15616.43,15650.09,0.0,DAX,DAX,EUREX,EUR
20210705,15628.42,15673.88,15535.29,15661.97,0.0,DAX,DAX,EUREX,EUR
20210706,15615.07,15647.88,15466.66,15511.38,0.0,DAX,DAX,EUREX,EUR
20210707,15606.94,15700.95,15604.58,15692.71,0.0,DAX,DAX,EUREX,EUR
20210708,15584.72,15591.65,15304.41,15420.64,0.0,DAX,DAX,EUREX,EUR
20210709,15497.93,15687.93,15479.44,15687.93,0.0,DAX,DAX,EUREX,EUR
20210712,15675.42,15806.9,15631.84,15790.51,0.0,DAX,DAX,EUREX,EUR
20210713,15769.51,15806.57,15747.57,15789.64,0.0,DAX,DAX,EUREX,EUR
20210714,15733.19,15810.68,15717.83,15788.98,0.0,DAX,DAX,EUREX,EUR
20210715,15737.36,15737.36,15592.01,15629.66,0.0,DAX,DAX,EUREX,EUR
20210716,15682.75,15699.93,15476.99,15540.31,0.0,DAX,DAX,EUREX,EUR
20210719,15420.14,15423.84,15048.56,15133.2,0.0,DAX,DAX,EUREX,EUR
20210720,15234.85,15300.29,15091.9,15216.27,0.0,DAX,DAX,EUREX,EUR
20210721,15239.92,15443.76,15194.54,15422.5,0.0,DAX,DAX,EUREX,EUR
20210722,15533.22,15578.75,15471.47,15514.54,0.0,DAX,DAX,EUREX,EUR
20210723,15603.69,15681.41,15583.65,15669.29,0.0,DAX,DAX,EUREX,EUR
20210726,15586.66,15641.61,15544.94,15618.98,0.0,DAX,DAX,EUREX,EUR
20210727,15537.89,15586.9,15423.56,15519.13,0.0,DAX,DAX,EUREX,EUR
20210728,15538.75,15577.13,15497.1,15570.36,0.0,DAX,DAX,EUREX,EUR
20210729,15608.82,15659.22,15563.65,15640.47,0.0,DAX,DAX,EUREX,EUR
20210730,15493.74,15613.66,15440.89,15544.39,0.0,DAX,DAX,EUREX,EUR
20210802,15631.7,15702.89,15511.25,15568.73,0.0,DAX,DAX,EUREX,EUR
20210803,15537.69,15608.07,15492.58,15555.08,0.0,DAX,DAX,EUREX,EUR
20210804,15653.65,15712.27,15600.8,15692.13,0.0,DAX,DAX,EUREX,EUR
20210805,15691.74,15751.88,15672.27,15744.67,0.0,DAX,DAX,EUREX,EUR
20210806,15770.85,15808.24,15737.1,15761.45,0.0,DAX,DAX,EUREX,EUR
20210809,15773.51,15798.51,15699.27,15745.41,0.0,DAX,DAX,EUREX,EUR
20210810,15734.14,15802.15,15733.65,15770.71,0.0,DAX,DAX,EUREX,EUR
20210811,15792.12,15887.16,15724.99,15826.09,0.0,DAX,DAX,EUREX,EUR
20210812,15829.27,15964.38,15823.53,15937.51,0.0,DAX,DAX,EUREX,EUR
20210813,15948.15,16030.33,15940.82,15977.44,0.0,DAX,DAX,EUREX,EUR
20210816,15875.7,15961.18,15851.28,15925.73,0.0,DAX,DAX,EUREX,EUR
20210817,15872.12,15937.47,15811.57,15921.95,0.0,DAX,DAX,EUREX,EUR
20210818,15935.21,15969.85,15872.99,15965.97,0.0,DAX,DAX,EUREX,EUR
20210819,15737.18,15804.85,15621.98,15765.81,0.0,DAX,DAX,EUREX,EUR
20210820,15734.68,15808.04,15656.28,15808.04,0.0,DAX,DAX,EUREX,EUR
20210823,15930.72,15930.72,15799.59,15852.79,0.0,DAX,DAX,EUREX,EUR
20210824,15897.86,15918.72,15856.05,15905.85,0.0,DAX,DAX,EUREX,EUR
20210825,15912.85,15932.62,15853.32,15860.66,0.0,DAX,DAX,EUREX,EUR
20210826,15773.71,15834.91,15701.85,15793.62,0.0,DAX,DAX,EUREX,EUR
20210827,15778.92,15859.77,15752.09,15851.75,0.0,DAX,DAX,EUREX,EUR
20210830,15856.71,15896.73,15847.66,15887.31,0.0,DAX,DAX,EUREX,EUR
20210831,15929.26,16006.76,15761.57,15835.09,0.0,DAX,DAX,EUREX,EUR
20210901,15958.41,15981.7,15773.44,15824.29,0.0,DAX,DAX,EUREX,EUR
20210902,15813.57,15874.67,15810.77,15840.59,0.0,DAX,DAX,EUREX,EUR
20210903,15841.45,15868.69,15690.02,15781.2,0.0,DAX,DAX,EUREX,EUR
20210906,15818.44,15959.74,15814.63,15932.12,0.0,DAX,DAX,EUREX,EUR
20210907,15896.56,15927.77,15826.86,15843.09,0.0,DAX,DAX,EUREX,EUR
20210908,15714.61,15755.3,15590.41,15610.28,0.0,DAX,DAX,EUREX,EUR
20210909,15499.45,15693.22,15453.96,15623.15,0.0,DAX,DAX,EUREX,EUR
20210910,15648.89,15702.6,15574.94,15609.81,0.0,DAX,DAX,EUREX,EUR
20210913,15681.17,15787.66,15674.16,15701.42,0.0,DAX,DAX,EUREX,EUR
20210914,15697.72,15763.58,15663.42,15722.99,0.0,DAX,DAX,EUREX,EUR
20210915,15731.48,15740.01,15613.72,15616.0,0.0,DAX,DAX,EUREX,EUR
20210916,15666.63,15745.19,15638.23,15651.75,0.0,DAX,DAX,EUREX,EUR
20210917,15774.57,15791.9,15455.54,15490.17,0.0,DAX,DAX,EUREX,EUR
20210920,15259.5,15262.76,15019.49,15132.06,0.0,DAX,DAX,EUREX,EUR
20210921,15265.03,15394.33,15205.7,15348.53,0.0,DAX,DAX,EUREX,EUR
20210922,15463.24,15508.42,15378.93,15506.74,0.0,DAX,DAX,EUREX,EUR
20210923,15630.01,15695.65,15593.72,15643.97,0.0,DAX,DAX,EUREX,EUR
20210924,15562.14,15573.46,15497.17,15531.75,0.0,DAX,DAX,EUREX,EUR
20210927,15699.01,15704.05,15552.09,15573.88,0.0,DAX,DAX,EUREX,EUR
20210928,15542.03,15542.41,15232.97,15248.56,0.0,DAX,DAX,EUREX,EUR
20210929,15357.0,15422.75,15301.35,15365.27,0.0,DAX,DAX,EUREX,EUR
20210930,15434.33,15448.52,15246.0,15260.69,0.0,DAX,DAX,EUREX,EUR
20211001,15041.6,15262.75,14983.8,15156.44,0.0,DAX,DAX,EUREX,EUR
20211004,15061.86,15175.25,15016.93,15036.55,0.0,DAX,DAX,EUREX,EUR
20211005,15055.4,15202.2,15011.44,15194.49,0.0,DAX,DAX,EUREX,EUR
20211006,15040.1,15049.49,14818.71,14973.33,0.0,DAX,DAX,EUREX,EUR
20211007,15162.75,15253.29,15116.47,15250.86,0.0,DAX,DAX,EUREX,EUR
20211008,15242.76,15267.92,15184.76,15206.13,0.0,DAX,DAX,EUREX,EUR
20211011,15115.46,15202.74,15094.44,15199.14,0.0,DAX,DAX,EUREX,EUR
20211012,15025.35,15174.29,15012.07,15146.87,0.0,DAX,DAX,EUREX,EUR
20211013,15130.8,15302.43,15109.61,15249.38,0.0,DAX,DAX,EUREX,EUR
20211014,15350.72,15464.38,15303.39,15462.72,0.0,DAX,DAX,EUREX,EUR
20211015,15481.22,15598.58,15465.93,15587.36,0.0,DAX,DAX,EUREX,EUR
20211018,15518.59,15542.17,15416.02,15474.47,0.0,DAX,DAX,EUREX,EUR
20211019,15510.99,15527.97,15457.43,15515.83,0.0,DAX,DAX,EUREX,EUR
20211020,15473.56,15567.07,15465.03,15522.92,0.0,DAX,DAX,EUREX,EUR
20211021,15408.8,15532.94,15406.59,15472.56,0.0,DAX,DAX,EUREX,EUR
20211022,15507.99,15614.76,15492.29,15542.98,0.0,DAX,DAX,EUREX,EUR
20211025,15580.58,15618.88,15531.95,15599.23,0.0,DAX,DAX,EUREX,EUR
20211026,15652.91,15781.0,15650.35,15757.06,0.0,DAX,DAX,EUREX,EUR
20211027,15725.4,15744.79,15671.59,15705.81,0.0,DAX,DAX,EUREX,EUR
20211028,15681.52,15706.39,15629.33,15696.33,0.0,DAX,DAX,EUREX,EUR
20211029,15579.9,15689.66,15495.51,15688.77,0.0,DAX,DAX,EUREX,EUR
20211101,15764.55,15849.4,15760.35,15806.29,0.0,DAX,DAX,EUREX,EUR
20211102,15825.27,15960.21,15824.11,15954.45,0.0,DAX,DAX,EUREX,EUR
20211103,15957.15,15972.71,15922.1,15959.98,0.0,DAX,DAX,EUREX,EUR
20211104,16035.9,16064.79,15997.63,16029.65,0.0,DAX,DAX,EUREX,EUR
20211105,16011.57,16084.9,16008.4,16054.36,0.0,DAX,DAX,EUREX,EUR
20211108,16040.85,16068.73,16016.2,16046.52,0.0,DAX,DAX,EUREX,EUR
20211109,16026.74,16104.13,16022.64,16040.47,0.0,DAX,DAX,EUREX,EUR
20211110,16053.0,16076.56,15985.9,16067.83,0.0,DAX,DAX,EUREX,EUR
20211111,16067.34,16114.55,16032.5,16083.11,0.0,DAX,DAX,EUREX,EUR
20211112,16100.08,16122.76,16065.06,16094.07,0.0,DAX,DAX,EUREX,EUR
20211115,16109.41,16149.87,16072.29,16148.64,0.0,DAX,DAX,EUREX,EUR
20211116,16174.31,16266.26,16157.58,16247.86,0.0,DAX,DAX,EUREX,EUR
20211117,16248.32,16283.52,16240.51,16251.13,0.0,DAX,DAX,EUREX,EUR
20211118,16262.29,16290.19,16193.34,16221.73,0.0,DAX,DAX,EUREX,EUR
20211119,16269.22,16282.87,16092.63,16159.97,0.0,DAX,DAX,EUREX,EUR
20211122,16188.54,16202.77,16090.54,16115.69,0.0,DAX,DAX,EUREX,EUR
20211123,15987.2,16054.38,15866.01,15937.0,0.0,DAX,DAX,EUREX,EUR
20211124,15942.28,15974.3,15740.6,15878.39,0.0,DAX,DAX,EUREX,EUR
20211125,15928.38,15962.54,15865.41,15917.98,0.0,DAX,DAX,EUREX,EUR
20211126,15383.9,15540.29,15244.46,15257.04,0.0,DAX,DAX,EUREX,EUR
20211129,15418.28,15441.91,15237.87,15280.86,0.0,DAX,DAX,EUREX,EUR
20211130,15117.63,15280.04,15015.42,15100.13,0.0,DAX,DAX,EUREX,EUR
20211201,15233.37,15509.46,15187.09,15472.67,0.0,DAX,DAX,EUREX,EUR
20211202,15300.73,15373.52,15172.9,15263.11,0.0,DAX,DAX,EUREX,EUR
20211203,15422.9,15422.9,15101.71,15169.98,0.0,DAX,DAX,EUREX,EUR
20211206,15323.2,15415.46,15150.54,15380.79,0.0,DAX,DAX,EUREX,EUR
20211207,15546.7,15827.94,15544.79,15813.94,0.0,DAX,DAX,EUREX,EUR
20211208,15781.05,15834.04,15683.67,15687.09,0.0,DAX,DAX,EUREX,EUR
20211209,15705.93,15721.48,15613.4,15639.26,0.0,DAX,DAX,EUREX,EUR
20211210,15572.69,15689.5,15550.45,15623.31,0.0,DAX,DAX,EUREX,EUR
20211213,15653.57,15794.31,15591.62,15621.72,0.0,DAX,DAX,EUREX,EUR
20211214,15680.35,15697.98,15448.45,15453.56,0.0,DAX,DAX,EUREX,EUR
20211215,15503.64,15531.04,15451.74,15476.35,0.0,DAX,DAX,EUREX,EUR
20211216,15708.94,15780.93,15621.57,15636.4,0.0,DAX,DAX,EUREX,EUR
20211217,15599.75,15609.51,15419.55,15531.69,0.0,DAX,DAX,EUREX,EUR
20211220,15152.56,15296.08,15060.1,15239.67,0.0,DAX,DAX,EUREX,EUR
20211221,15379.08,15452.42,15305.61,15447.44,0.0,DAX,DAX,EUREX,EUR
20211222,15474.84,15593.47,15425.16,15593.47,0.0,DAX,DAX,EUREX,EUR
20211223,15660.78,15768.45,15622.6,15756.31,0.0,DAX,DAX,EUREX,EUR
20211227,15705.53,15854.62,15697.44,15835.25,0.0,DAX,DAX,EUREX,EUR
20211228,15839.19,15974.79,15832.96,15963.7,0.0,DAX,DAX,EUREX,EUR
20211229,15952.47,15955.03,15803.59,15852.25,0.0,DAX,DAX,EUREX,EUR
20211230,15837.56,15890.74,15834.57,15884.86,0.0,DAX,DAX,EUREX,EUR
20220103,15947.44,16069.38,15943.16,16020.73,0.0,DAX,DAX,EUREX,EUR
20220104,16069.8,16202.58,16036.52,16152.61,0.0,DAX,DAX,EUREX,EUR
20220105,16177.44,16285.35,16161.72,16271.75,0.0,DAX,DAX,EUREX,EUR
20220106,16076.16,16156.56,15988.63,16052.03,0.0,DAX,DAX,EUREX,EUR
20220107,15999.02,16044.28,15862.71,15947.74,0.0,DAX,DAX,EUREX,EUR
20220110,16006.44,16015.34,15724.23,15768.27,0.0,DAX,DAX,EUREX,EUR
20220111,15918.82,15979.99,15880.39,15941.81,0.0,DAX,DAX,EUREX,EUR
20220112,16054.93,16061.5,15955.54,16010.32,0.0,DAX,DAX,EUREX,EUR
20220113,15959.83,16090.29,15941.78,16031.59,0.0,DAX,DAX,EUREX,EUR
20220114,15929.37,15970.7,15833.73,15883.24,0.0,DAX,DAX,EUREX,EUR
20220117,15948.9,15962.7,15894.77,15933.72,0.0,DAX,DAX,EUREX,EUR
20220118,15839.15,15843.58,15669.35,15772.56,0.0,DAX,DAX,EUREX,EUR
20220119,15639.45,15898.05,15629.86,15809.72,0.0,DAX,DAX,EUREX,EUR
20220120,15837.24,15912.33,15737.33,15912.33,0.0,DAX,DAX,EUREX,EUR
20220121,15694.82,15728.29,15456.87,15603.88,0.0,DAX,DAX,EUREX,EUR
20220124,15499.61,15587.39,14952.67,15011.13,0.0,DAX,DAX,EUREX,EUR
20220125,15139.07,15205.75,14979.11,15123.87,0.0,DAX,DAX,EUREX,EUR
20220126,15273.06,15524.96,15272.87,15459.39,0.0,DAX,DAX,EUREX,EUR
20220127,15229.98,15582.45,15197.53,15524.27,0.0,DAX,DAX,EUREX,EUR
20220128,15411.86,15416.59,15122.65,15318.95,0.0,DAX,DAX,EUREX,EUR
20220131,15506.79,15566.38,15338.19,15471.2,0.0,DAX,DAX,EUREX,EUR
20220201,15620.56,15687.96,15537.05,15619.39,0.0,DAX,DAX,EUREX,EUR
20220202,15689.16,15736.52,15604.99,15613.77,0.0,DAX,DAX,EUREX,EUR
20220203,15565.94,15602.5,15367.16,15368.47,0.0,DAX,DAX,EUREX,EUR
20220204,15410.73,15423.94,15060.48,15099.56,0.0,DAX,DAX,EUREX,EUR
20220207,15220.08,15256.08,15076.89,15206.64,0.0,DAX,DAX,EUREX,EUR
20220208,15221.7,15338.0,15158.8,15242.38,0.0,DAX,DAX,EUREX,EUR
20220209,15356.95,15513.94,15351.48,15482.01,0.0,DAX,DAX,EUREX,EUR
20220210,15597.06,15614.47,15413.37,15490.44,0.0,DAX,DAX,EUREX,EUR
20220211,15353.86,15511.34,15308.69,15425.12,0.0,DAX,DAX,EUREX,EUR
20220214,15065.73,15150.54,14844.1,15113.97,0.0,DAX,DAX,EUREX,EUR
20220215,15077.32,15418.41,15068.33,15412.71,0.0,DAX,DAX,EUREX,EUR
20220216,15431.27,15542.84,15327.94,15370.3,0.0,DAX,DAX,EUREX,EUR
20220217,15404.14,15440.08,15206.4,15267.63,0.0,DAX,DAX,EUREX,EUR
20220218,15278.66,15317.39,14989.05,15042.51,0.0,DAX,DAX,EUREX,EUR
20220221,15186.63,15192.47,14617.66,14731.12,0.0,DAX,DAX,EUREX,EUR
20220222,14365.06,14782.16,14357.86,14693.0,0.0,DAX,DAX,EUREX,EUR
20220223,14754.22,14901.09,14586.35,14631.36,0.0,DAX,DAX,EUREX,EUR
20220224,13989.41,14221.71,13807.28,14052.1,0.0,DAX,DAX,EUREX,EUR
20220225,14230.09,14567.62,14027.93,14567.23,0.0,DAX,DAX,EUREX,EUR
20220228,14263.73,14510.77,14106.89,14461.02,0.0,DAX,DAX,EUREX,EUR
20220301,14404.22,14448.61,13904.85,13904.85,0.0,DAX,DAX,EUREX,EUR
20220302,13836.93,14114.79,13707.86,14000.11,0.0,DAX,DAX,EUREX,EUR
20220303,13990.25,14057.15,13669.1,13698.4,0.0,DAX,DAX,EUREX,EUR
20220304,13485.98,13562.6,13094.54,13094.54,0.0,DAX,DAX,EUREX,EUR
20220307,12614.08,13150.35,12438.85,12834.65,0.0,DAX,DAX,EUREX,EUR
20220308,12673.89,13106.78,12672.0,12831.51,0.0,DAX,DAX,EUREX,EUR
20220309,13215.06,13847.93,13199.68,13847.93,0.0,DAX,DAX,EUREX,EUR
20220310,13819.44,13829.97,13341.79,13442.1,0.0,DAX,DAX,EUREX,EUR
20220311,13479.69,13943.97,13407.97,13628.11,0.0,DAX,DAX,EUREX,EUR
20220314,13827.22,14082.06,13815.8,13929.11,0.0,DAX,DAX,EUREX,EUR
20220315,13768.44,13974.84,13577.81,13917.27,0.0,DAX,DAX,EUREX,EUR
20220316,14245.77,14553.1,14183.26,14440.74,0.0,DAX,DAX,EUREX,EUR
20220317,14500.05,14509.23,14243.94,14388.06,0.0,DAX,DAX,EUREX,EUR
20220318,14374.41,14413.09,14109.79,14413.09,0.0,DAX,DAX,EUREX,EUR
20220321,14385.82,14457.3,14306.26,14326.97,0.0,DAX,DAX,EUREX,EUR
20220322,14365.67,14508.01,14343.34,14473.2,0.0,DAX,DAX,EUREX,EUR
20220323,14532.84,14539.31,14226.43,14283.65,0.0,DAX,DAX,EUREX,EUR
20220324,14305.8,14375.82,14187.82,14273.79,0.0,DAX,DAX,EUREX,EUR
20220325,14332.26,14428.03,14247.38,14305.76,0.0,DAX,DAX,EUREX,EUR
20220328,14376.0,14627.58,14371.9,14417.37,0.0,DAX,DAX,EUREX,EUR
20220329,14592.74,14925.25,14553.71,14820.33,0.0,DAX,DAX,EUREX,EUR
20220330,14712.32,14744.72,14555.87,14606.05,0.0,DAX,DAX,EUREX,EUR
20220331,14674.83,14732.0,14404.03,14414.75,0.0,DAX,DAX,EUREX,EUR
20220401,14447.78,14506.02,14403.09,14446.48,0.0,DAX,DAX,EUREX,EUR
20220404,14503.96,14535.07,14334.1,14518.16,0.0,DAX,DAX,EUREX,EUR
20220405,14504.8,14603.44,14347.33,14424.36,0.0,DAX,DAX,EUREX,EUR
20220406,14402.16,14437.91,14027.18,14151.69,0.0,DAX,DAX,EUREX,EUR
20220407,14187.13,14315.35,14069.53,14078.15,0.0,DAX,DAX,EUREX,EUR
20220408,14275.87,14321.82,14178.28,14283.67,0.0,DAX,DAX,EUREX,EUR
20220411,14162.97,14298.02,14094.83,14192.78,0.0,DAX,DAX,EUREX,EUR
20220412,13956.56,14180.09,13887.11,14124.95,0.0,DAX,DAX,EUREX,EUR
20220413,14062.7,14100.03,13961.95,14076.44,0.0,DAX,DAX,EUREX,EUR
20220414,14098.48,14198.78,14038.3,14163.85,0.0,DAX,DAX,EUREX,EUR
20220419,14057.43,14199.09,13991.7,14153.46,0.0,DAX,DAX,EUREX,EUR
20220420,14154.48,14362.03,14149.68,14362.03,0.0,DAX,DAX,EUREX,EUR
20220421,14376.05,14598.11,14374.59,14502.41,0.0,DAX,DAX,EUREX,EUR
20220422,14320.51,14372.47,14142.09,14142.09,0.0,DAX,DAX,EUREX,EUR
20220425,13908.05,14037.63,13863.39,13924.17,0.0,DAX,DAX,EUREX,EUR
20220426,14087.08,14112.84,13749.68,13756.4,0.0,DAX,DAX,EUREX,EUR
20220427,13760.22,13849.43,13566.2,13793.94,0.0,DAX,DAX,EUREX,EUR
20220428,13907.06,14074.71,13822.16,13979.84,0.0,DAX,DAX,EUREX,EUR
20220429,14095.93,14187.02,14038.55,14097.88,0.0,DAX,DAX,EUREX,EUR
20220502,13996.82,14036.11,13778.13,13939.07,0.0,DAX,DAX,EUREX,EUR
20220503,13958.92,14081.15,13920.46,14039.47,0.0,DAX,DAX,EUREX,EUR
20220504,14020.9,14073.21,13970.62,13970.82,0.0,DAX,DAX,EUREX,EUR
20220505,14282.77,14315.24,13857.58,13902.52,0.0,DAX,DAX,EUREX,EUR
20220506,13832.65,13851.45,13592.15,13674.29,0.0,DAX,DAX,EUREX,EUR
20220509,13624.92,13697.9,13380.67,13380.67,0.0,DAX,DAX,EUREX,EUR
20220510,13550.02,13719.95,13514.49,13534.74,0.0,DAX,DAX,EUREX,EUR
20220511,13587.29,13829.1,13508.56,13828.64,0.0,DAX,DAX,EUREX,EUR
20220512,13512.13,13808.09,13479.36,13739.64,0.0,DAX,DAX,EUREX,EUR
20220513,13837.42,14034.15,13795.64,14027.93,0.0,DAX,DAX,EUREX,EUR
20220516,13986.17,14043.1,13864.95,13964.38,0.0,DAX,DAX,EUREX,EUR
20220517,14072.67,14203.09,14056.98,14185.94,0.0,DAX,DAX,EUREX,EUR
20220518,14197.18,14226.47,13999.54,14007.76,0.0,DAX,DAX,EUREX,EUR
20220519,13822.35,13882.3,13683.59,13882.3,0.0,DAX,DAX,EUREX,EUR
20220520,13968.26,14161.32,13944.16,13981.91,0.0,DAX,DAX,EUREX,EUR
20220523,14179.84,14217.48,14026.14,14175.4,0.0,DAX,DAX,EUREX,EUR
20220524,14043.22,14105.06,13917.08,13919.75,0.0,DAX,DAX,EUREX,EUR
20220525,14022.27,14053.59,13871.48,14007.93,0.0,DAX,DAX,EUREX,EUR
20220526,14025.44,14253.61,14025.44,14231.29,0.0,DAX,DAX,EUREX,EUR
20220527,14289.53,14463.5,14246.83,14462.19,0.0,DAX,DAX,EUREX,EUR
20220530,14572.8,14589.45,14509.58,14575.98,0.0,DAX,DAX,EUREX,EUR
20220531,14513.34,14547.09,14359.39,14388.35,0.0,DAX,DAX,EUREX,EUR
20220601,14478.37,14489.0,14329.51,14340.47,0.0,DAX,DAX,EUREX,EUR
20220602,14394.36,14492.78,14393.04,14485.17,0.0,DAX,DAX,EUREX,EUR
20220603,14585.18,14589.91,14443.11,14460.09,0.0,DAX,DAX,EUREX,EUR
20220606,14576.87,14709.38,14548.26,14653.81,0.0,DAX,DAX,EUREX,EUR
20220607,14569.3,14590.69,14458.34,14556.62,0.0,DAX,DAX,EUREX,EUR
20220608,14595.78,14602.06,14378.5,14445.99,0.0,DAX,DAX,EUREX,EUR
20220609,14364.59,14420.73,14186.93,14198.8,0.0,DAX,DAX,EUREX,EUR
20220610,14110.03,14121.07,13749.77,13761.83,0.0,DAX,DAX,EUREX,EUR
20220613,13564.47,13648.84,13379.87,13427.03,0.0,DAX,DAX,EUREX,EUR
20220614,13557.44,13569.93,13294.0,13304.39,0.0,DAX,DAX,EUREX,EUR
20220615,13480.5,13566.8,13358.4,13485.29,0.0,DAX,DAX,EUREX,EUR
20220616,13440.43,13443.32,13007.91,13038.49,0.0,DAX,DAX,EUREX,EUR
20220617,13092.85,13237.7,13020.42,13126.26,0.0,DAX,DAX,EUREX,EUR
20220620,13207.79,13265.6,13106.38,13265.6,0.0,DAX,DAX,EUREX,EUR
20220621,13335.15,13443.77,13273.2,13292.4,0.0,DAX,DAX,EUREX,EUR
20220622,13062.26,13206.11,12965.69,13144.28,0.0,DAX,DAX,EUREX,EUR
20220623,13082.62,13120.31,12912.59,12912.59,0.0,DAX,DAX,EUREX,EUR
20220624,12949.87,13160.71,12904.86,13118.13,0.0,DAX,DAX,EUREX,EUR
20220627,13217.9,13378.42,13126.86,13186.07,0.0,DAX,DAX,EUREX,EUR
20220628,13264.62,13358.62,13221.04,13231.82,0.0,DAX,DAX,EUREX,EUR
20220629,13089.99,13132.36,12946.76,13003.35,0.0,DAX,DAX,EUREX,EUR
20220630,12795.22,12811.43,12618.68,12783.77,0.0,DAX,DAX,EUREX,EUR
20220701,12627.66,12894.38,12623.23,12813.03,0.0,DAX,DAX,EUREX,EUR
20220704,12904.09,12919.7,12741.63,12773.38,0.0,DAX,DAX,EUREX,EUR
20220705,12851.29,12870.24,12390.95,12401.2,0.0,DAX,DAX,EUREX,EUR
20220706,12587.55,12668.68,12509.22,12594.52,0.0,DAX,DAX,EUREX,EUR
20220707,12757.63,12867.71,12693.65,12843.22,0.0,DAX,DAX,EUREX,EUR
20220708,12814.1,13019.13,12766.8,13015.23,0.0,DAX,DAX,EUREX,EUR
20220711,12783.09,12934.87,12774.23,12832.44,0.0,DAX,DAX,EUREX,EUR
20220712,12751.3,12905.48,12655.06,12905.48,0.0,DAX,DAX,EUREX,EUR
20220713,12800.87,12851.9,12625.22,12756.32,0.0,DAX,DAX,EUREX,EUR
20220714,12759.29,12788.01,12434.29,12519.66,0.0,DAX,DAX,EUREX,EUR
20220715,12562.15,12875.67,12532.94,12864.72,0.0,DAX,DAX,EUREX,EUR
20220718,12935.05,13062.23,12913.69,12959.81,0.0,DAX,DAX,EUREX,EUR
20220719,12884.83,13351.2,12827.89,13308.41,0.0,DAX,DAX,EUREX,EUR
20220720,13356.67,13399.4,13129.13,13281.98,0.0,DAX,DAX,EUREX,EUR
20220721,13261.82,13318.64,13097.75,13246.64,0.0,DAX,DAX,EUREX,EUR
20220722,13179.56,13367.04,13171.14,13253.68,0.0,DAX,DAX,EUREX,EUR
20220725,13183.24,13337.06,13151.86,13210.32,0.0,DAX,DAX,EUREX,EUR
20220726,13181.92,13197.95,13042.41,13096.93,0.0,DAX,DAX,EUREX,EUR
20220727,13158.64,13204.58,13089.96,13166.38,0.0,DAX,DAX,EUREX,EUR
20220728,13214.41,13289.39,13091.26,13282.11,0.0,DAX,DAX,EUREX,EUR
20220729,13353.28,13515.03,13340.59,13484.05,0.0,DAX,DAX,EUREX,EUR
20220801,13471.2,13570.22,13464.9,13479.63,0.0,DAX,DAX,EUREX,EUR
20220802,13419.19,13484.55,13335.39,13449.2,0.0,DAX,DAX,EUREX,EUR
20220803,13398.7,13595.07,13388.34,13587.56,0.0,DAX,DAX,EUREX,EUR
20220804,13629.7,13792.88,13628.57,13662.68,0.0,DAX,DAX,EUREX,EUR
20220805,13642.91,13693.34,13562.62,13573.93,0.0,DAX,DAX,EUREX,EUR
20220808,13703.38,13745.59,13604.55,13687.69,0.0,DAX,DAX,EUREX,EUR
20220809,13647.06,13674.6,13514.71,13534.97,0.0,DAX,DAX,EUREX,EUR
20220810,13482.63,13715.56,13455.7,13700.93,0.0,DAX,DAX,EUREX,EUR
20220811,13747.07,13763.26,13661.17,13694.51,0.0,DAX,DAX,EUREX,EUR
20220812,13709.83,13813.05,13705.02,13795.85,0.0,DAX,DAX,EUREX,EUR
20220815,13847.88,13857.98,13736.0,13816.61,0.0,DAX,DAX,EUREX,EUR
20220816,13849.62,13947.85,13824.97,13910.12,0.0,DAX,DAX,EUREX,EUR
20220817,13928.12,13930.57,13610.44,13626.71,0.0,DAX,DAX,EUREX,EUR
20220818,13653.82,13775.66,13638.16,13697.41,0.0,DAX,DAX,EUREX,EUR
20220819,13591.24,13660.34,13525.69,13544.52,0.0,DAX,DAX,EUREX,EUR
20220822,13471.44,13510.29,13189.27,13230.57,0.0,DAX,DAX,EUREX,EUR
20220823,13163.52,13298.26,13156.44,13194.23,0.0,DAX,DAX,EUREX,EUR
20220824,13131.12,13238.61,13085.2,13220.06,0.0,DAX,DAX,EUREX,EUR
20220825,13328.49,13364.55,13210.99,13271.96,0.0,DAX,DAX,EUREX,EUR
20220826,13335.1,13375.02,12939.96,12971.47,0.0,DAX,DAX,EUREX,EUR
20220829,12838.42,12942.46,12758.44,12892.99,0.0,DAX,DAX,EUREX,EUR
20220830,12919.43,13154.15,12885.08,12961.14,0.0,DAX,DAX,EUREX,EUR
20220831,13018.48,13020.54,12814.81,12834.96,0.0,DAX,DAX,EUREX,EUR
20220901,12713.75,12743.05,12603.58,12630.23,0.0,DAX,DAX,EUREX,EUR
20220902,12768.44,13051.57,12736.01,13050.27,0.0,DAX,DAX,EUREX,EUR
20220905,12827.58,12827.58,12617.4,12760.78,0.0,DAX,DAX,EUREX,EUR
20220906,12807.27,12927.79,12760.04,12871.44,0.0,DAX,DAX,EUREX,EUR
20220907,12770.72,12953.99,12736.09,12915.97,0.0,DAX,DAX,EUREX,EUR
20220908,12985.61,13008.82,12688.87,12904.32,0.0,DAX,DAX,EUREX,EUR
20220909,12926.15,13121.13,12925.57,13088.21,0.0,DAX,DAX,EUREX,EUR
20220912,13171.92,13441.54,13165.78,13402.27,0.0,DAX,DAX,EUREX,EUR
20220913,13450.39,13564.83,13183.19,13188.95,0.0,DAX,DAX,EUREX,EUR
20220914,13131.34,13192.82,12952.09,13028.0,0.0,DAX,DAX,EUREX,EUR
20220915,13040.36,13111.38,12927.2,12956.66,0.0,DAX,DAX,EUREX,EUR
20220916,12814.92,12815.33,12699.22,12741.26,0.0,DAX,DAX,EUREX,EUR
20220919,12685.29,12866.7,12606.64,12803.24,0.0,DAX,DAX,EUREX,EUR
20220920,12849.78,12936.57,12638.22,12670.83,0.0,DAX,DAX,EUREX,EUR
20220921,12555.31,12771.78,12520.81,12767.15,0.0,DAX,DAX,EUREX,EUR
20220922,12531.66,12781.56,12526.61,12531.63,0.0,DAX,DAX,EUREX,EUR
20220923,12506.64,12521.25,12180.76,12284.19,0.0,DAX,DAX,EUREX,EUR
20220926,12231.84,12368.49,12184.0,12227.92,0.0,DAX,DAX,EUREX,EUR
20220927,12332.85,12414.09,12139.68,12139.68,0.0,DAX,DAX,EUREX,EUR
20220928,12025.43,12198.37,11862.84,12183.28,0.0,DAX,DAX,EUREX,EUR
20220929,12143.21,12147.31,11866.98,11975.55,0.0,DAX,DAX,EUREX,EUR
20220930,12063.09,12137.77,11973.91,12114.36,0.0,DAX,DAX,EUREX,EUR
20221003,11951.84,12227.87,11893.94,12209.48,0.0,DAX,DAX,EUREX,EUR
20221004,12360.72,12673.35,12358.98,12670.48,0.0,DAX,DAX,EUREX,EUR
20221005,12611.07,12661.88,12455.36,12517.18,0.0,DAX,DAX,EUREX,EUR
20221006,12593.41,12643.22,12421.89,12470.78,0.0,DAX,DAX,EUREX,EUR
20221007,12414.78,12497.52,12272.59,12273.0,0.0,DAX,DAX,EUREX,EUR
20221010,12175.52,12410.83,12174.63,12272.94,0.0,DAX,DAX,EUREX,EUR
20221011,12168.66,12258.15,12097.68,12220.25,0.0,DAX,DAX,EUREX,EUR
20221012,12207.97,12298.62,12104.62,12172.26,0.0,DAX,DAX,EUREX,EUR
20221013,12114.23,12379.24,12000.43,12355.58,0.0,DAX,DAX,EUREX,EUR
20221014,12549.02,12676.42,12395.99,12437.81,0.0,DAX,DAX,EUREX,EUR
20221017,12467.54,12716.81,12398.05,12649.03,0.0,DAX,DAX,EUREX,EUR
20221018,12788.53,12931.76,12746.36,12765.61,0.0,DAX,DAX,EUREX,EUR
20221019,12817.63,12819.11,12705.26,12741.41,0.0,DAX,DAX,EUREX,EUR
20221020,12685.16,12818.34,12628.78,12767.41,0.0,DAX,DAX,EUREX,EUR
20221021,12641.12,12775.52,12548.15,12730.9,0.0,DAX,DAX,EUREX,EUR
20221024,12868.77,13020.45,12747.38,12931.45,0.0,DAX,DAX,EUREX,EUR
20221025,12965.19,13053.24,12789.26,13052.96,0.0,DAX,DAX,EUREX,EUR
20221026,13054.49,13203.24,13023.4,13195.81,0.0,DAX,DAX,EUREX,EUR
20221027,13152.99,13259.49,13062.04,13211.23,0.0,DAX,DAX,EUREX,EUR
20221028,13072.92,13250.66,13051.25,13243.33,0.0,DAX,DAX,EUREX,EUR
20221031,13254.31,13307.09,13216.48,13253.74,0.0,DAX,DAX,EUREX,EUR
20221101,13344.85,13444.07,13287.07,13338.74,0.0,DAX,DAX,EUREX,EUR
20221102,13369.33,13398.64,13255.07,13256.74,0.0,DAX,DAX,EUREX,EUR
20221103,13130.97,13194.32,13022.64,13130.19,0.0,DAX,DAX,EUREX,EUR
20221104,13201.24,13542.35,13193.51,13459.85,0.0,DAX,DAX,EUREX,EUR
20221107,13398.79,13611.3,13391.0,13533.52,0.0,DAX,DAX,EUREX,EUR
20221108,13506.65,13689.61,13487.91,13688.75,0.0,DAX,DAX,EUREX,EUR
20221109,13653.98,13691.12,13557.08,13666.32,0.0,DAX,DAX,EUREX,EUR
20221110,13603.79,14157.25,13599.35,14146.09,0.0,DAX,DAX,EUREX,EUR
20221111,14179.39,14263.53,14172.47,14224.86,0.0,DAX,DAX,EUREX,EUR
20221114,14295.81,14431.18,14243.35,14313.3,0.0,DAX,DAX,EUREX,EUR
20221115,14372.42,14440.78,14266.42,14378.51,0.0,DAX,DAX,EUREX,EUR
20221116,14374.86,14382.62,14195.31,14234.03,0.0,DAX,DAX,EUREX,EUR
20221117,14348.46,14384.54,14149.7,14266.38,0.0,DAX,DAX,EUREX,EUR
20221118,14320.61,14457.76,14300.21,14431.86,0.0,DAX,DAX,EUREX,EUR
20221121,14395.53,14425.95,14321.84,14379.93,0.0,DAX,DAX,EUREX,EUR
20221122,14352.54,14485.49,14343.8,14422.35,0.0,DAX,DAX,EUREX,EUR
20221123,14438.2,14446.33,14363.51,14427.59,0.0,DAX,DAX,EUREX,EUR
20221124,14456.15,14570.71,14447.55,14539.56,0.0,DAX,DAX,EUREX,EUR
20221125,14547.58,14571.66,14498.05,14541.38,0.0,DAX,DAX,EUREX,EUR
20221128,14471.1,14514.73,14374.15,14383.36,0.0,DAX,DAX,EUREX,EUR
20221129,14404.67,14429.87,14327.04,14355.45,0.0,DAX,DAX,EUREX,EUR
20221130,14429.22,14487.7,14363.32,14397.04,0.0,DAX,DAX,EUREX,EUR
20221201,14543.8,14563.7,14423.79,14490.3,0.0,DAX,DAX,EUREX,EUR
20221202,14465.7,14584.59,14372.42,14529.39,0.0,DAX,DAX,EUREX,EUR
20221205,14487.43,14507.16,14394.37,14447.61,0.0,DAX,DAX,EUREX,EUR
20221206,14406.87,14471.5,14305.26,14343.19,0.0,DAX,DAX,EUREX,EUR
20221207,14304.95,14372.35,14218.18,14261.19,0.0,DAX,DAX,EUREX,EUR
20221208,14277.75,14298.81,14196.77,14264.56,0.0,DAX,DAX,EUREX,EUR
20221209,14325.8,14385.57,14217.96,14370.72,0.0,DAX,DAX,EUREX,EUR
20221212,14300.43,14366.39,14262.6,14306.63,0.0,DAX,DAX,EUREX,EUR
20221213,14345.88,14675.84,14302.49,14497.89,0.0,DAX,DAX,EUREX,EUR
20221214,14453.54,14470.74,14375.95,14460.2,0.0,DAX,DAX,EUREX,EUR
20221215,14351.31,14363.12,13982.59,13986.23,0.0,DAX,DAX,EUREX,EUR
20221216,13978.44,14011.26,13815.24,13893.07,0.0,DAX,DAX,EUREX,EUR
20221219,13934.75,14001.37,13927.05,13942.87,0.0,DAX,DAX,EUREX,EUR
20221220,13829.9,13931.29,13791.52,13884.66,0.0,DAX,DAX,EUREX,EUR
20221221,13944.69,14099.75,13912.17,14097.82,0.0,DAX,DAX,EUREX,EUR
20221222,14113.01,14160.87,13890.54,13914.07,0.0,DAX,DAX,EUREX,EUR
20221223,13945.59,14000.68,13874.5,13940.93,0.0,DAX,DAX,EUREX,EUR
20221227,14047.42,14063.14,13966.35,13995.1,0.0,DAX,DAX,EUREX,EUR
20221228,14013.72,14018.47,13914.62,13925.6,0.0,DAX,DAX,EUREX,EUR
20221229,13890.81,14071.72,13871.32,14071.72,0.0,DAX,DAX,EUREX,EUR
20221230,14005.84,14008.97,13922.55,13923.59,0.0,DAX,DAX,EUREX,EUR
20230102,13992.71,14095.91,13976.44,14069.26,0.0,DAX,DAX,EUREX,EUR
20230103,14116.07,14293.87,14083.76,14181.67,0.0,DAX,DAX,EUREX,EUR
20230104,14266.98,14492.78,14264.6,14490.78,0.0,DAX,DAX,EUREX,EUR
20230105,14451.23,14501.6,14403.73,14436.31,0.0,DAX,DAX,EUREX,EUR
20230106,14476.72,14610.23,14388.98,14610.02,0.0,DAX,DAX,EUREX,EUR
20230109,14650.73,14832.89,14628.61,14792.83,0.0,DAX,DAX,EUREX,EUR
20230110,14741.97,14790.82,14692.74,14774.6,0.0,DAX,DAX,EUREX,EUR
20230111,14805.4,14965.47,14794.99,14947.91,0.0,DAX,DAX,EUREX,EUR
20230112,14972.28,15095.03,14934.51,15058.3,0.0,DAX,DAX,EUREX,EUR
20230113,15063.21,15132.37,15041.16,15086.52,0.0,DAX,DAX,EUREX,EUR
20230116,15112.05,15153.19,15083.94,15134.04,0.0,DAX,DAX,EUREX,EUR
20230117,15130.03,15269.71,15083.95,15187.07,0.0,DAX,DAX,EUREX,EUR
20230118,15182.95,15250.36,15156.89,15181.8,0.0,DAX,DAX,EUREX,EUR
20230119,15115.55,15134.07,14906.27,14920.36,0.0,DAX,DAX,EUREX,EUR
20230120,14986.52,15034.43,14940.68,15033.56,0.0,DAX,DAX,EUREX,EUR
20230123,15077.4,15145.9,15022.83,15102.95,0.0,DAX,DAX,EUREX,EUR
20230124,15140.5,15147.45,15022.55,15093.11,0.0,DAX,DAX,EUREX,EUR
20230125,15095.72,15114.41,14969.65,15081.64,0.0,DAX,DAX,EUREX,EUR
20230126,15146.29,15151.54,15068.72,15132.85,0.0,DAX,DAX,EUREX,EUR
20230127,15115.75,15186.49,15077.62,15150.03,0.0,DAX,DAX,EUREX,EUR
20230130,15070.3,15161.07,14988.98,15126.08,0.0,DAX,DAX,EUREX,EUR
20230131,15081.17,15136.22,14993.59,15128.27,0.0,DAX,DAX,EUREX,EUR
20230201,15125.12,15222.34,15107.83,15180.74,0.0,DAX,DAX,EUREX,EUR
20230202,15275.0,15520.97,15264.31,15509.19,0.0,DAX,DAX,EUREX,EUR
20230203,15408.4,15476.67,15347.86,15476.43,0.0,DAX,DAX,EUREX,EUR
20230206,15367.04,15406.93,15275.57,15345.91,0.0,DAX,DAX,EUREX,EUR
20230207,15359.59,15363.41,15273.6,15320.88,0.0,DAX,DAX,EUREX,EUR
20230208,15450.67,15486.13,15371.93,15412.05,0.0,DAX,DAX,EUREX,EUR
20230209,15560.15,15658.56,15519.63,15523.42,0.0,DAX,DAX,EUREX,EUR
20230210,15438.94,15487.98,15246.39,15307.98,0.0,DAX,DAX,EUREX,EUR
20230213,15322.06,15409.27,15305.94,15397.34,0.0,DAX,DAX,EUREX,EUR
20230214,15419.0,15526.28,15366.37,15380.56,0.0,DAX,DAX,EUREX,EUR
20230215,15394.44,15520.39,15388.85,15506.34,0.0,DAX,DAX,EUREX,EUR
20230216,15612.43,15634.04,15417.17,15533.64,0.0,DAX,DAX,EUREX,EUR
20230217,15372.06,15514.72,15300.42,15482.0,0.0,DAX,DAX,EUREX,EUR
20230220,15524.16,15532.44,15436.79,15477.55,0.0,DAX,DAX,EUREX,EUR
20230221,15450.62,15470.52,15286.71,15397.62,0.0,DAX,DAX,EUREX,EUR
20230222,15342.6,15408.58,15247.5,15399.89,0.0,DAX,DAX,EUREX,EUR
20230223,15453.29,15552.77,15433.97,15475.69,0.0,DAX,DAX,EUREX,EUR
20230224,15501.82,15530.46,15162.48,15209.74,0.0,DAX,DAX,EUREX,EUR
20230227,15351.63,15481.06,15351.63,15381.43,0.0,DAX,DAX,EUREX,EUR
20230228,15299.79,15443.17,15289.43,15365.14,0.0,DAX,DAX,EUREX,EUR
20230301,15399.91,15478.84,15254.11,15305.02,0.0,DAX,DAX,EUREX,EUR
20230302,15171.07,15329.29,15150.67,15327.64,0.0,DAX,DAX,EUREX,EUR
20230303,15430.66,15590.44,15409.99,15578.39,0.0,DAX,DAX,EUREX,EUR
20230306,15597.9,15677.93,15587.78,15653.58,0.0,DAX,DAX,EUREX,EUR
20230307,15638.44,15706.37,15544.07,15559.53,0.0,DAX,DAX,EUREX,EUR
20230308,15528.81,15667.21,15524.85,15631.87,0.0,DAX,DAX,EUREX,EUR
20230309,15619.75,15667.05,15535.13,15633.21,0.0,DAX,DAX,EUREX,EUR
20230310,15369.67,15495.87,15316.38,15427.97,0.0,DAX,DAX,EUREX,EUR
20230313,15435.16,15435.81,14887.44,14959.47,0.0,DAX,DAX,EUREX,EUR
20230314,15016.53,15272.11,14951.71,15232.83,0.0,DAX,DAX,EUREX,EUR
20230315,15175.44,15246.17,14702.91,14735.26,0.0,DAX,DAX,EUREX,EUR
20230316,14973.84,15018.31,14664.17,14967.1,0.0,DAX,DAX,EUREX,EUR
20230317,15073.76,15153.11,14694.26,14768.2,0.0,DAX,DAX,EUREX,EUR
20230320,14715.4,14980.43,14458.39,14933.38,0.0,DAX,DAX,EUREX,EUR
20230321,15062.06,15253.1,15055.93,15195.34,0.0,DAX,DAX,EUREX,EUR
20230322,15174.67,15298.49,15166.95,15216.19,0.0,DAX,DAX,EUREX,EUR
20230323,15178.25,15244.32,15078.72,15210.39,0.0,DAX,DAX,EUREX,EUR
20230324,15135.5,15135.65,14809.82,14957.23,0.0,DAX,DAX,EUREX,EUR
20230327,15133.68,15185.35,15020.07,15127.68,0.0,DAX,DAX,EUREX,EUR
20230328,15255.93,15261.49,15103.76,15142.02,0.0,DAX,DAX,EUREX,EUR
20230329,15242.52,15342.27,15186.75,15328.78,0.0,DAX,DAX,EUREX,EUR
20230330,15429.38,15536.42,15424.69,15522.4,0.0,DAX,DAX,EUREX,EUR
20230331,15568.37,15659.06,15499.84,15628.84,0.0,DAX,DAX,EUREX,EUR
20230403,15623.45,15659.35,15553.9,15580.92,0.0,DAX,DAX,EUREX,EUR
20230404,15639.02,15736.56,15601.4,15603.47,0.0,DAX,DAX,EUREX,EUR
20230405,15611.68,15627.29,15482.88,15520.17,0.0,DAX,DAX,EUREX,EUR
20230406,15530.2,15601.49,15509.09,15578.33,0.0,DAX,DAX,EUREX,EUR
20230411,15710.45,15726.02,15625.79,15655.17,0.0,DAX,DAX,EUREX,EUR
20230412,15689.14,15827.28,15668.2,15703.6,0.0,DAX,DAX,EUREX,EUR
20230413,15708.21,15754.99,15675.15,15729.46,0.0,DAX,DAX,EUREX,EUR
20230414,15789.78,15841.47,15760.32,15807.5,0.0,DAX,DAX,EUREX,EUR
20230417,15838.89,15903.25,15764.38,15789.53,0.0,DAX,DAX,EUREX,EUR
20230418,15841.5,15916.28,15802.75,15882.67,0.0,DAX,DAX,EUREX,EUR
20230419,15850.52,15908.47,15829.55,15895.2,0.0,DAX,DAX,EUREX,EUR
20230420,15864.15,15883.31,15734.25,15795.97,0.0,DAX,DAX,EUREX,EUR
20230421,15782.58,15899.62,15706.83,15881.66,0.0,DAX,DAX,EUREX,EUR
20230424,15852.27,15919.11,15831.1,15863.95,0.0,DAX,DAX,EUREX,EUR
20230425,15836.79,15891.73,15794.81,15872.13,0.0,DAX,DAX,EUREX,EUR
20230426,15804.5,15826.02,15694.36,15795.73,0.0,DAX,DAX,EUREX,EUR
20230427,15739.35,15859.25,15706.69,15800.45,0.0,DAX,DAX,EUREX,EUR
20230428,15884.79,15922.38,15688.17,15922.38,0.0,DAX,DAX,EUREX,EUR
20230502,15950.36,16011.56,15707.55,15726.94,0.0,DAX,DAX,EUREX,EUR
20230503,15774.02,15868.88,15745.98,15815.06,0.0,DAX,DAX,EUREX,EUR
20230504,15781.46,15796.71,15662.32,15734.24,0.0,DAX,DAX,EUREX,EUR
20230505,15837.44,15961.54,15755.97,15961.02,0.0,DAX,DAX,EUREX,EUR
20230508,15967.57,15996.16,15933.69,15952.83,0.0,DAX,DAX,EUREX,EUR
20230509,15950.89,15962.62,15879.56,15955.48,0.0,DAX,DAX,EUREX,EUR
20230510,15973.38,15984.82,15848.69,15896.23,0.0,DAX,DAX,EUREX,EUR
20230511,15943.85,15970.54,15754.76,15834.91,0.0,DAX,DAX,EUREX,EUR
20230512,15918.25,15938.01,15852.1,15913.82,0.0,DAX,DAX,EUREX,EUR
20230515,15966.96,15982.1,15874.24,15917.24,0.0,DAX,DAX,EUREX,EUR
20230516,15892.78,15968.41,15862.37,15897.93,0.0,DAX,DAX,EUREX,EUR
20230517,15883.61,15992.77,15862.15,15951.3,0.0,DAX,DAX,EUREX,EUR
20230518,16069.42,16230.44,16069.42,16163.36,0.0,DAX,DAX,EUREX,EUR
20230519,16233.11,16331.94,16203.6,16275.38,0.0,DAX,DAX,EUREX,EUR
20230522,16235.98,16267.93,16196.36,16223.99,0.0,DAX,DAX,EUREX,EUR
20230523,16186.44,16224.32,16143.98,16152.86,0.0,DAX,DAX,EUREX,EUR
20230524,16008.52,16013.29,15802.86,15842.13,0.0,DAX,DAX,EUREX,EUR
20230525,15872.46,15872.6,15726.5,15793.8,0.0,DAX,DAX,EUREX,EUR
20230526,15850.09,16008.59,15726.74,15983.97,0.0,DAX,DAX,EUREX,EUR
20230529,16064.13,16079.73,15925.22,15952.73,0.0,DAX,DAX,EUREX,EUR
20230530,15962.31,16058.43,15889.46,15908.91,0.0,DAX,DAX,EUREX,EUR
20230531,15757.43,15871.7,15629.12,15664.02,0.0,DAX,DAX,EUREX,EUR
20230601,15744.01,15863.41,15734.86,15853.66,0.0,DAX,DAX,EUREX,EUR
20230602,15949.04,16071.32,15922.61,16051.23,0.0,DAX,DAX,EUREX,EUR
20230605,16079.86,16114.84,15928.44,15963.89,0.0,DAX,DAX,EUREX,EUR
20230606,15939.31,16009.28,15925.56,15992.44,0.0,DAX,DAX,EUREX,EUR
20230607,15998.1,16020.28,15909.85,15960.56,0.0,DAX,DAX,EUREX,EUR
20230608,15951.61,16019.0,15913.95,15989.96,0.0,DAX,DAX,EUREX,EUR
20230609,15993.02,15998.9,15924.51,15949.84,0.0,DAX,DAX,EUREX,EUR
20230612,16052.91,16126.3,16021.55,16097.87,0.0,DAX,DAX,EUREX,EUR
20230613,16218.2,16232.7,16088.47,16230.68,0.0,DAX,DAX,EUREX,EUR
20230614,16219.09,16336.27,16217.45,16310.79,0.0,DAX,DAX,EUREX,EUR
20230615,16275.73,16301.73,16165.66,16290.12,0.0,DAX,DAX,EUREX,EUR
20230616,16306.63,16427.42,16276.79,16357.63,0.0,DAX,DAX,EUREX,EUR
20230619,16272.21,16302.29,16189.57,16201.2,0.0,DAX,DAX,EUREX,EUR
20230620,16100.29,16184.3,16069.1,16111.32,0.0,DAX,DAX,EUREX,EUR
20230621,16082.75,16145.29,16002.27,16023.13,0.0,DAX,DAX,EUREX,EUR
20230622,15867.65,15988.21,15810.48,15988.16,0.0,DAX,DAX,EUREX,EUR
20230623,15862.79,15917.14,15733.12,15829.94,0.0,DAX,DAX,EUREX,EUR
20230626,15874.15,15874.9,15713.7,15813.06,0.0,DAX,DAX,EUREX,EUR
20230627,15873.73,15895.7,15758.13,15846.86,0.0,DAX,DAX,EUREX,EUR
20230628,15922.71,15994.31,15906.88,15949.0,0.0,DAX,DAX,EUREX,EUR
20230629,15960.47,15998.67,15920.04,15946.72,0.0,DAX,DAX,EUREX,EUR
20230630,15989.43,16176.55,15978.9,16147.9,0.0,DAX,DAX,EUREX,EUR
20230703,16187.91,16209.29,16070.49,16081.04,0.0,DAX,DAX,EUREX,EUR
20230704,16082.93,16103.95,16023.72,16039.17,0.0,DAX,DAX,EUREX,EUR
20230705,15930.16,15982.96,15901.39,15937.58,0.0,DAX,DAX,EUREX,EUR
20230706,15816.11,15846.25,15495.84,15528.54,0.0,DAX,DAX,EUREX,EUR
20230707,15515.0,15661.41,15456.16,15603.4,0.0,DAX,DAX,EUREX,EUR
20230710,15585.34,15722.03,15545.33,15673.16,0.0,DAX,DAX,EUREX,EUR
20230711,15716.26,15807.66,15659.1,15790.34,0.0,DAX,DAX,EUREX,EUR
20230712,15842.26,16044.28,15806.28,16023.0,0.0,DAX,DAX,EUREX,EUR
20230713,16009.26,16185.11,16000.38,16141.03,0.0,DAX,DAX,EUREX,EUR
20230714,16123.13,16149.12,16071.74,16105.07,0.0,DAX,DAX,EUREX,EUR
20230717,16013.52,16102.51,15995.45,16068.65,0.0,DAX,DAX,EUREX,EUR
20230718,16042.03,16140.2,16031.07,16125.49,0.0,DAX,DAX,EUREX,EUR
20230719,16190.0,16240.79,16075.17,16108.93,0.0,DAX,DAX,EUREX,EUR
20230720,16059.22,16211.43,16050.98,16204.22,0.0,DAX,DAX,EUREX,EUR
20230721,16125.21,16181.34,16103.48,16177.22,0.0,DAX,DAX,EUREX,EUR
20230724,16126.71,16208.76,16121.27,16190.95,0.0,DAX,DAX,EUREX,EUR
20230725,16169.75,16225.89,16135.6,16211.59,0.0,DAX,DAX,EUREX,EUR
20230726,16183.7,16212.91,16000.04,16131.46,0.0,DAX,DAX,EUREX,EUR
20230727,16162.16,16408.8,16131.64,16406.03,0.0,DAX,DAX,EUREX,EUR
20230728,16356.38,16490.13,16336.42,16469.75,0.0,DAX,DAX,EUREX,EUR
20230731,16434.66,16528.97,16427.47,16446.83,0.0,DAX,DAX,EUREX,EUR
20230801,16414.79,16430.66,16240.4,16240.4,0.0,DAX,DAX,EUREX,EUR
20230802,16027.65,16140.76,15955.31,16020.02,0.0,DAX,DAX,EUREX,EUR
20230803,15879.03,15920.32,15807.85,15893.38,0.0,DAX,DAX,EUREX,EUR
20230804,15917.01,15973.96,15784.52,15951.86,0.0,DAX,DAX,EUREX,EUR
20230807,15877.54,15962.61,15824.78,15950.76,0.0,DAX,DAX,EUREX,EUR
20230808,15868.31,15946.57,15706.31,15774.93,0.0,DAX,DAX,EUREX,EUR
20230809,15918.06,15983.78,15831.08,15852.58,0.0,DAX,DAX,EUREX,EUR
20230810,15921.42,16060.27,15880.41,15996.52,0.0,DAX,DAX,EUREX,EUR
20230811,15927.79,15962.45,15803.08,15832.17,0.0,DAX,DAX,EUREX,EUR
20230814,15818.21,15937.78,15817.59,15904.25,0.0,DAX,DAX,EUREX,EUR
20230815,15909.57,15923.13,15703.03,15767.28,0.0,DAX,DAX,EUREX,EUR
20230816,15737.02,15814.66,15725.1,15789.45,0.0,DAX,DAX,EUREX,EUR
20230817,15712.94,15793.53,15664.3,15676.9,0.0,DAX,DAX,EUREX,EUR
20230818,15597.12,15612.88,15468.65,15574.26,0.0,DAX,DAX,EUREX,EUR
20230821,15573.95,15710.21,15571.82,15603.28,0.0,DAX,DAX,EUREX,EUR
20230822,15684.64,15799.34,15677.44,15705.62,0.0,DAX,DAX,EUREX,EUR
20230823,15761.25,15820.95,15672.43,15728.41,0.0,DAX,DAX,EUREX,EUR
20230824,15876.22,15896.74,15618.69,15621.49,0.0,DAX,DAX,EUREX,EUR
20230825,15582.95,15739.78,15578.97,15631.82,0.0,DAX,DAX,EUREX,EUR
20230828,15756.47,15804.95,15673.89,15792.61,0.0,DAX,DAX,EUREX,EUR
20230829,15844.76,15942.12,15805.42,15930.88,0.0,DAX,DAX,EUREX,EUR
20230830,15956.92,15960.4,15823.33,15891.93,0.0,DAX,DAX,EUREX,EUR
20230831,15937.39,16042.66,15914.43,15947.08,0.0,DAX,DAX,EUREX,EUR
20230901,15936.34,15984.59,15840.25,15840.34,0.0,DAX,DAX,EUREX,EUR
20230904,15904.63,15958.74,15795.97,15824.85,0.0,DAX,DAX,EUREX,EUR
20230905,15729.78,15838.44,15691.49,15771.71,0.0,DAX,DAX,EUREX,EUR
20230906,15712.59,15781.89,15676.51,15741.37,0.0,DAX,DAX,EUREX,EUR
20230907,15661.66,15794.72,15661.38,15718.66,0.0,DAX,DAX,EUREX,EUR
20230908,15777.56,15783.38,15577.04,15740.3,0.0,DAX,DAX,EUREX,EUR
20230911,15799.42,15867.57,15771.07,15800.99,0.0,DAX,DAX,EUREX,EUR
20230912,15804.08,15808.38,15686.34,15715.53,0.0,DAX,DAX,EUREX,EUR
20230913,15648.92,15726.6,15564.64,15654.03,0.0,DAX,DAX,EUREX,EUR
20230914,15652.41,15824.06,15588.12,15805.29,0.0,DAX,DAX,EUREX,EUR
20230915,15940.39,15989.3,15871.17,15893.53,0.0,DAX,DAX,EUREX,EUR
20230918,15858.81,15870.62,15693.87,15727.12,0.0,DAX,DAX,EUREX,EUR
20230919,15688.07,15743.9,15630.94,15664.48,0.0,DAX,DAX,EUREX,EUR
20230920,15703.09,15810.36,15699.34,15781.59,0.0,DAX,DAX,EUREX,EUR
20230921,15650.98,15696.66,15548.69,15571.86,0.0,DAX,DAX,EUREX,EUR
20230922,15473.8,15592.27,15471.75,15557.29,0.0,DAX,DAX,EUREX,EUR
20230925,15513.32,15572.14,15329.4,15405.49,0.0,DAX,DAX,EUREX,EUR
20230926,15330.91,15360.43,15229.35,15255.87,0.0,DAX,DAX,EUREX,EUR
20230927,15225.58,15299.68,15194.68,15217.45,0.0,DAX,DAX,EUREX,EUR
20230928,15229.1,15323.73,15138.66,15323.5,0.0,DAX,DAX,EUREX,EUR
20230929,15394.82,15515.99,15382.56,15386.58,0.0,DAX,DAX,EUREX,EUR
20231002,15439.96,15476.38,15192.01,15247.21,0.0,DAX,DAX,EUREX,EUR
20231003,15184.49,15257.86,15074.85,15085.21,0.0,DAX,DAX,EUREX,EUR
20231004,14979.81,15174.63,14948.08,15099.92,0.0,DAX,DAX,EUREX,EUR
20231005,15113.94,15157.7,15048.42,15070.22,0.0,DAX,DAX,EUREX,EUR
20231006,15109.16,15230.89,15033.55,15229.77,0.0,DAX,DAX,EUREX,EUR
20231009,15143.29,15201.06,15077.66,15128.11,0.0,DAX,DAX,EUREX,EUR
20231010,15272.57,15443.45,15272.57,15423.52,0.0,DAX,DAX,EUREX,EUR
20231011,15366.78,15486.11,15361.74,15460.01,0.0,DAX,DAX,EUREX,EUR
20231012,15537.87,15575.28,15413.2,15425.03,0.0,DAX,DAX,EUREX,EUR
20231013,15400.09,15409.89,15178.07,15186.66,0.0,DAX,DAX,EUREX,EUR
20231016,15219.42,15271.51,15103.12,15237.99,0.0,DAX,DAX,EUREX,EUR
20231017,15211.29,15288.32,15117.24,15251.69,0.0,DAX,DAX,EUREX,EUR
20231018,15244.05,15271.15,15081.69,15094.91,0.0,DAX,DAX,EUREX,EUR
20231019,15060.65,15104.37,14984.59,15045.23,0.0,DAX,DAX,EUREX,EUR
20231020,14872.02,14936.49,14798.47,14798.47,0.0,DAX,DAX,EUREX,EUR
20231023,14823.03,14838.01,14630.21,14800.72,0.0,DAX,DAX,EUREX,EUR
20231024,14802.52,14916.6,14750.32,14879.94,0.0,DAX,DAX,EUREX,EUR
20231025,14870.63,14933.69,14789.63,14892.18,0.0,DAX,DAX,EUREX,EUR
20231026,14696.22,14795.41,14655.08,14731.05,0.0,DAX,DAX,EUREX,EUR
20231027,14757.11,14824.29,14667.37,14687.41,0.0,DAX,DAX,EUREX,EUR
20231030,14770.95,14798.0,14678.73,14716.54,0.0,DAX,DAX,EUREX,EUR
20231031,14741.44,14829.62,14722.38,14810.34,0.0,DAX,DAX,EUREX,EUR
20231101,14851.96,14949.58,14786.32,14923.27,0.0,DAX,DAX,EUREX,EUR
20231102,15033.65,15202.43,15028.03,15143.6,0.0,DAX,DAX,EUREX,EUR
20231103,15203.8,15269.5,15149.72,15189.25,0.0,DAX,DAX,EUREX,EUR
20231106,15219.32,15223.41,15110.84,15135.97,0.0,DAX,DAX,EUREX,EUR
20231107,15084.79,15194.53,15068.25,15152.64,0.0,DAX,DAX,EUREX,EUR
20231108,15093.48,15287.73,15086.41,15229.6,0.0,DAX,DAX,EUREX,EUR
20231109,15246.5,15364.49,15212.99,15352.54,0.0,DAX,DAX,EUREX,EUR
20231110,15296.58,15309.52,15171.58,15234.39,0.0,DAX,DAX,EUREX,EUR
20231113,15285.12,15346.79,15252.27,15345.0,0.0,DAX,DAX,EUREX,EUR
20231114,15358.59,15632.44,15337.6,15614.43,0.0,DAX,DAX,EUREX,EUR
20231115,15631.67,15759.84,15628.19,15748.17,0.0,DAX,DAX,EUREX,EUR
20231116,15806.91,15862.09,15783.51,15786.61,0.0,DAX,DAX,EUREX,EUR
20231117,15828.78,15952.45,15826.67,15919.16,0.0,DAX,DAX,EUREX,EUR
20231120,15915.24,15929.93,15854.82,15901.33,0.0,DAX,DAX,EUREX,EUR
20231121,15911.02,15948.07,15891.31,15900.53,0.0,DAX,DAX,EUREX,EUR
20231122,15965.13,15998.41,15931.74,15957.82,0.0,DAX,DAX,EUREX,EUR
20231123,15976.62,16005.45,15958.06,15994.73,0.0,DAX,DAX,EUREX,EUR
20231124,15988.19,16041.17,15972.67,16029.49,0.0,DAX,DAX,EUREX,EUR
20231127,16007.26,16039.42,15957.96,15966.37,0.0,DAX,DAX,EUREX,EUR
20231128,15939.19,15993.42,15915.4,15992.67,0.0,DAX,DAX,EUREX,EUR
20231129,16013.16,16208.97,16010.48,16166.45,0.0,DAX,DAX,EUREX,EUR
20231130,16204.74,16262.96,16169.11,16215.43,0.0,DAX,DAX,EUREX,EUR
20231201,16296.92,16399.06,16279.45,16397.52,0.0,DAX,DAX,EUREX,EUR
20231204,16390.17,16455.68,16386.8,16404.76,0.0,DAX,DAX,EUREX,EUR
20231205,16405.14,16551.34,16394.02,16533.11,0.0,DAX,DAX,EUREX,EUR
20231206,16565.65,16727.07,16536.12,16656.44,0.0,DAX,DAX,EUREX,EUR
20231207,16623.89,16655.3,16595.11,16628.99,0.0,DAX,DAX,EUREX,EUR
20231208,16644.62,16782.72,16630.18,16759.22,0.0,DAX,DAX,EUREX,EUR
20231211,16760.59,16817.81,16734.27,16794.43,0.0,DAX,DAX,EUREX,EUR
20231212,16823.01,16837.18,16753.81,16791.74,0.0,DAX,DAX,EUREX,EUR
20231213,16811.56,16836.45,16760.12,16766.05,0.0,DAX,DAX,EUREX,EUR
20231214,16948.79,17003.28,16670.35,16752.23,0.0,DAX,DAX,EUREX,EUR
20231215,16822.5,16890.11,16713.7,16751.44,0.0,DAX,DAX,EUREX,EUR
20231218,16683.69,16744.27,16624.65,16650.55,0.0,DAX,DAX,EUREX,EUR
20231219,16657.44,16750.51,16656.64,16744.41,0.0,DAX,DAX,EUREX,EUR
20231220,16779.41,16789.96,16694.56,16733.05,0.0,DAX,DAX,EUREX,EUR
20231221,16667.31,16708.35,16624.16,16687.42,0.0,DAX,DAX,EUREX,EUR
20231222,16673.3,16735.32,16651.78,16706.18,0.0,DAX,DAX,EUREX,EUR
20231227,16727.77,16775.71,16697.58,16742.07,0.0,DAX,DAX,EUREX,EUR
20231228,16780.95,16783.79,16688.52,16701.55,0.0,DAX,DAX,EUREX,EUR
20231229,16729.26,16758.53,16726.97,16751.64,0.0,DAX,DAX,EUREX,EUR
20240102,16828.75,16963.47,16648.8,16769.36,0.0,DAX,DAX,EUREX,EUR
20240103,16771.35,16784.07,16479.92,16538.39,0.0,DAX,DAX,EUREX,EUR
20240104,16563.69,16626.84,16501.4,16617.29,0.0,DAX,DAX,EUREX,EUR
20240105,16504.88,16645.89,16448.71,16594.21,0.0,DAX,DAX,EUREX,EUR
20240108,16618.51,16716.47,16517.49,16716.47,0.0,DAX,DAX,EUREX,EUR
20240109,16743.27,16743.27,16611.53,16688.36,0.0,DAX,DAX,EUREX,EUR
20240110,16703.12,16753.69,16654.99,16689.81,0.0,DAX,DAX,EUREX,EUR
20240111,16775.92,16839.49,16541.38,16547.03,0.0,DAX,DAX,EUREX,EUR
20240112,16649.45,16752.24,16608.0,16704.56,0.0,DAX,DAX,EUREX,EUR
20240115,16723.24,16736.16,16609.22,16622.22,0.0,DAX,DAX,EUREX,EUR
20240116,16497.54,16581.93,16476.09,16571.68,0.0,DAX,DAX,EUREX,EUR
20240117,16400.42,16435.68,16345.02,16431.69,0.0,DAX,DAX,EUREX,EUR
20240118,16440.66,16579.12,16421.2,16567.35,0.0,DAX,DAX,EUREX,EUR
20240119,16626.53,16647.85,16513.46,16555.13,0.0,DAX,DAX,EUREX,EUR
20240122,16684.1,16705.49,16607.72,16683.36,0.0,DAX,DAX,EUREX,EUR
20240123,16753.09,16753.09,16626.59,16627.09,0.0,DAX,DAX,EUREX,EUR
20240124,16793.27,16921.41,16760.92,16889.92,0.0,DAX,DAX,EUREX,EUR
20240125,16849.76,16916.6,16785.69,16906.92,0.0,DAX,DAX,EUREX,EUR
20240126,16879.01,16967.72,16849.31,16961.39,0.0,DAX,DAX,EUREX,EUR
20240129,16925.39,16941.71,16860.05,16941.71,0.0,DAX,DAX,EUREX,EUR
20240130,16991.37,16999.58,16946.56,16972.34,0.0,DAX,DAX,EUREX,EUR
20240131,16972.47,16991.84,16884.87,16903.76,0.0,DAX,DAX,EUREX,EUR
20240201,16834.13,16915.92,16821.6,16859.04,0.0,DAX,DAX,EUREX,EUR
20240202,16977.75,17004.55,16894.67,16918.21,0.0,DAX,DAX,EUREX,EUR
20240205,16925.97,16972.62,16859.0,16904.06,0.0,DAX,DAX,EUREX,EUR
20240206,16965.89,17049.52,16871.32,17033.24,0.0,DAX,DAX,EUREX,EUR
20240207,17020.77,17021.55,16907.15,16921.96,0.0,DAX,DAX,EUREX,EUR
20240208,16936.14,17029.54,16889.13,16963.83,0.0,DAX,DAX,EUREX,EUR
20240209,16973.58,16993.12,16876.36,16926.5,0.0,DAX,DAX,EUREX,EUR
20240212,16975.99,17042.74,16958.8,17037.35,0.0,DAX,DAX,EUREX,EUR
20240213,16987.09,16991.61,16831.53,16880.83,0.0,DAX,DAX,EUREX,EUR
20240214,16872.89,16957.78,16857.34,16945.48,0.0,DAX,DAX,EUREX,EUR
20240215,17022.54,17089.12,17003.82,17046.69,0.0,DAX,DAX,EUREX,EUR
20240216,17117.37,17198.45,17060.38,17117.44,0.0,DAX,DAX,EUREX,EUR
20240219,17075.74,17098.61,17049.22,17092.26,0.0,DAX,DAX,EUREX,EUR
20240220,17066.23,17084.87,17019.15,17068.43,0.0,DAX,DAX,EUREX,EUR
20240221,17102.08,17157.95,17063.25,17118.12,0.0,DAX,DAX,EUREX,EUR
20240222,17326.76,17429.66,17279.73,17370.45,0.0,DAX,DAX,EUREX,EUR
20240223,17372.01,17443.74,17354.76,17419.33,0.0,DAX,DAX,EUREX,EUR
20240226,17396.74,17460.53,17396.4,17423.23,0.0,DAX,DAX,EUREX,EUR
20240227,17431.37,17563.41,17428.17,17556.49,0.0,DAX,DAX,EUREX,EUR
20240228,17569.61,17605.61,17552.98,17601.22,0.0,DAX,DAX,EUREX,EUR
20240229,17634.61,17742.48,17620.11,17678.19,0.0,DAX,DAX,EUREX,EUR
20240301,17793.47,17816.52,17690.89,17735.07,0.0,DAX,DAX,EUREX,EUR
20240304,17743.44,17756.39,17684.73,17716.17,0.0,DAX,DAX,EUREX,EUR
20240305,17682.78,17746.57,17643.11,17698.4,0.0,DAX,DAX,EUREX,EUR
20240306,17685.92,17745.16,17682.51,17716.71,0.0,DAX,DAX,EUREX,EUR
20240307,17648.89,17879.11,17619.4,17842.85,0.0,DAX,DAX,EUREX,EUR
20240308,17849.85,17860.51,17795.13,17814.51,0.0,DAX,DAX,EUREX,EUR
20240311,17690.95,17750.72,17662.55,17746.27,0.0,DAX,DAX,EUREX,EUR
20240312,17810.15,17973.22,17746.89,17965.11,0.0,DAX,DAX,EUREX,EUR
20240313,17984.5,18001.42,17939.56,17961.38,0.0,DAX,DAX,EUREX,EUR
20240314,18002.97,18039.05,17899.93,17942.04,0.0,DAX,DAX,EUREX,EUR
20240315,17938.14,18038.11,17926.72,17936.65,0.0,DAX,DAX,EUREX,EUR
20240318,17936.31,18015.49,17902.92,17932.68,0.0,DAX,DAX,EUREX,EUR
20240319,17932.18,17998.04,17914.18,17987.49,0.0,DAX,DAX,EUREX,EUR
20240320,17987.91,18044.49,17955.69,18015.13,0.0,DAX,DAX,EUREX,EUR
20240321,18019.86,18179.25,18019.86,18179.25,0.0,DAX,DAX,EUREX,EUR
20240322,18175.08,18225.97,18140.99,18205.94,0.0,DAX,DAX,EUREX,EUR
20240325,18206.36,18285.58,18176.85,18261.31,0.0,DAX,DAX,EUREX,EUR
20240326,18262.11,18411.98,18256.81,18384.35,0.0,DAX,DAX,EUREX,EUR
20240327,18385.17,18511.17,18385.17,18477.09,0.0,DAX,DAX,EUREX,EUR
20240328,18477.4,18513.83,18468.87,18492.49,0.0,DAX,DAX,EUREX,EUR
20240402,18492.36,18567.16,18275.94,18283.13,0.0,DAX,DAX,EUREX,EUR
20240403,18281.82,18375.59,18281.82,18367.72,0.0,DAX,DAX,EUREX,EUR
20240404,18366.37,18427.43,18340.24,18403.13,0.0,DAX,DAX,EUREX,EUR
20240405,18401.83,18401.83,18088.03,18175.04,0.0,DAX,DAX,EUREX,EUR
20240408,18163.39,18326.37,18163.39,18318.97,0.0,DAX,DAX,EUREX,EUR
20240409,18318.4,18318.51,18058.22,18076.69,0.0,DAX,DAX,EUREX,EUR
20240410,18078.89,18239.5,17975.84,18097.3,0.0,DAX,DAX,EUREX,EUR
20240411,18096.51,18101.31,17864.69,17954.48,0.0,DAX,DAX,EUREX,EUR
20240412,17965.95,18162.56,17860.73,17930.32,0.0,DAX,DAX,EUREX,EUR
20240415,17937.62,18191.95,17937.62,18026.58,0.0,DAX,DAX,EUREX,EUR
20240416,18022.17,18022.69,17713.5,17766.23,0.0,DAX,DAX,EUREX,EUR
20240417,17764.03,17907.58,17731.79,17770.02,0.0,DAX,DAX,EUREX,EUR
20240418,17775.41,17863.32,17716.92,17837.4,0.0,DAX,DAX,EUREX,EUR
20240419,17834.83,17834.87,17626.9,17737.36,0.0,DAX,DAX,EUREX,EUR
20240422,17738.04,17889.47,17738.04,17860.8,0.0,DAX,DAX,EUREX,EUR
20240423,17861.2,18144.66,17861.2,18137.65,0.0,DAX,DAX,EUREX,EUR
20240424,18140.19,18226.32,18060.26,18088.7,0.0,DAX,DAX,EUREX,EUR
20240425,18088.17,18100.75,17795.96,17917.28,0.0,DAX,DAX,EUREX,EUR
20240426,17920.73,18199.71,17920.73,18161.01,0.0,DAX,DAX,EUREX,EUR
20240429,18162.15,18235.8,18103.43,18118.32,0.0,DAX,DAX,EUREX,EUR
20240430,18119.93,18153.69,17920.72,17932.17,0.0,DAX,DAX,EUREX,EUR
20240502,17935.78,17981.04,17875.98,17896.5,0.0,DAX,DAX,EUREX,EUR
20240503,17900.15,18105.82,17900.02,18001.6,0.0,DAX,DAX,EUREX,EUR
20240506,18001.13,18199.15,18001.13,18175.21,0.0,DAX,DAX,EUREX,EUR
20240507,18175.21,18442.4,18175.21,18430.05,0.0,DAX,DAX,EUREX,EUR
20240508,18430.25,18542.1,18427.26,18498.38,0.0,DAX,DAX,EUREX,EUR
20240509,18498.09,18699.29,18488.04,18686.6,0.0,DAX,DAX,EUREX,EUR
20240510,18686.85,18845.86,18686.85,18772.85,0.0,DAX,DAX,EUREX,EUR
20240513,18773.24,18799.77,18706.08,18742.22,0.0,DAX,DAX,EUREX,EUR
20240514,18735.84,18748.76,18629.03,18716.42,0.0,DAX,DAX,EUREX,EUR
20240515,18719.81,18892.92,18719.81,18869.36,0.0,DAX,DAX,EUREX,EUR
20240516,18874.85,18890.78,18716.33,18738.81,0.0,DAX,DAX,EUREX,EUR
20240517,18713.25,18724.02,18627.91,18704.42,0.0,DAX,DAX,EUREX,EUR
20240520,18710.13,18804.0,18710.13,18768.96,0.0,DAX,DAX,EUREX,EUR
20240521,18768.64,18768.64,18638.14,18726.76,0.0,DAX,DAX,EUREX,EUR
20240522,18731.65,18731.65,18642.2,18680.2,0.0,DAX,DAX,EUREX,EUR
20240523,18682.48,18766.68,18639.17,18691.32,0.0,DAX,DAX,EUREX,EUR
20240524,18687.6,18706.65,18515.84,18693.37,0.0,DAX,DAX,EUREX,EUR
20240527,18703.13,18774.71,18680.81,18774.71,0.0,DAX,DAX,EUREX,EUR
20240528,18775.55,18855.05,18635.04,18677.87,0.0,DAX,DAX,EUREX,EUR
20240529,18677.7,18677.7,18438.01,18473.29,0.0,DAX,DAX,EUREX,EUR
20240530,18465.47,18531.85,18394.43,18496.79,0.0,DAX,DAX,EUREX,EUR
20240531,18495.22,18542.27,18426.72,18497.94,0.0,DAX,DAX,EUREX,EUR
20240603,18503.79,18697.09,18503.79,18608.16,0.0,DAX,DAX,EUREX,EUR
20240604,18608.3,18608.3,18365.53,18405.64,0.0,DAX,DAX,EUREX,EUR
20240605,18406.06,18624.36,18406.06,18575.94,0.0,DAX,DAX,EUREX,EUR
20240606,18576.58,18784.65,18576.58,18652.67,0.0,DAX,DAX,EUREX,EUR
20240607,18649.08,18649.08,18424.6,18557.27,0.0,DAX,DAX,EUREX,EUR
20240610,18550.33,18550.33,18359.42,18494.89,0.0,DAX,DAX,EUREX,EUR
20240611,18497.85,18543.04,18281.56,18369.94,0.0,DAX,DAX,EUREX,EUR
20240612,18368.52,18651.7,18368.52,18630.86,0.0,DAX,DAX,EUREX,EUR
20240613,18632.01,18632.01,18253.42,18265.68,0.0,DAX,DAX,EUREX,EUR
20240614,18267.68,18304.79,17951.17,18002.02,0.0,DAX,DAX,EUREX,EUR
20240617,18008.23,18149.33,17969.54,18068.21,0.0,DAX,DAX,EUREX,EUR
20240618,18073.44,18214.2,18073.24,18131.97,0.0,DAX,DAX,EUREX,EUR
20240619,18131.35,18148.01,18055.63,18067.91,0.0,DAX,DAX,EUREX,EUR
20240620,18068.67,18254.18,18068.58,18254.18,0.0,DAX,DAX,EUREX,EUR
20240621,18254.57,18257.94,18090.04,18163.52,0.0,DAX,DAX,EUREX,EUR
20240624,18165.54,18354.71,18165.54,18325.58,0.0,DAX,DAX,EUREX,EUR
20240625,18300.42,18307.61,18075.75,18177.62,0.0,DAX,DAX,EUREX,EUR
20240626,18176.8,18363.39,18045.54,18155.24,0.0,DAX,DAX,EUREX,EUR
20240627,18154.97,18265.52,18141.28,18210.55,0.0,DAX,DAX,EUREX,EUR
20240628,18211.97,18352.65,18198.1,18235.45,0.0,DAX,DAX,EUREX,EUR
20240701,18236.35,18460.72,18236.27,18290.66,0.0,DAX,DAX,EUREX,EUR
20240702,18286.86,18286.86,18030.49,18164.06,0.0,DAX,DAX,EUREX,EUR
20240703,18181.71,18395.6,18181.71,18374.53,0.0,DAX,DAX,EUREX,EUR
20240704,18375.96,18468.16,18375.68,18450.48,0.0,DAX,DAX,EUREX,EUR
20240705,18450.59,18650.36,18420.57,18475.45,0.0,DAX,DAX,EUREX,EUR
20240708,18474.27,18631.61,18444.06,18472.05,0.0,DAX,DAX,EUREX,EUR
20240709,18471.35,18473.0,18213.98,18236.19,0.0,DAX,DAX,EUREX,EUR
20240710,18236.75,18420.13,18236.75,18407.22,0.0,DAX,DAX,EUREX,EUR
20240711,18409.7,18578.45,18409.65,18534.56,0.0,DAX,DAX,EUREX,EUR
20240712,18534.49,18779.4,18528.39,18748.18,0.0,DAX,DAX,EUREX,EUR
20240715,18736.11,18743.68,18581.02,18590.89,0.0,DAX,DAX,EUREX,EUR
20240716,18586.42,18586.42,18448.27,18518.03,0.0,DAX,DAX,EUREX,EUR
20240717,18512.11,18532.66,18347.24,18437.3,0.0,DAX,DAX,EUREX,EUR
20240718,18439.33,18536.26,18354.76,18354.76,0.0,DAX,DAX,EUREX,EUR
20240719,18340.85,18341.82,18162.3,18171.93,0.0,DAX,DAX,EUREX,EUR
20240722,18270.85,18468.6,18231.41,18407.07,0.0,DAX,DAX,EUREX,EUR
20240723,18500.67,18647.1,18464.22,18557.7,0.0,DAX,DAX,EUREX,EUR
20240724,18394.3,18456.39,18348.99,18387.46,0.0,DAX,DAX,EUREX,EUR
20240725,18209.4,18326.18,18096.69,18298.72,0.0,DAX,DAX,EUREX,EUR
20240726,18255.35,18428.88,18218.54,18417.55,0.0,DAX,DAX,EUREX,EUR
20240729,18542.43,18546.32,18309.27,18320.67,0.0,DAX,DAX,EUREX,EUR
20240730,18363.93,18469.08,18341.42,18411.18,0.0,DAX,DAX,EUREX,EUR
20240731,18503.18,18564.39,18434.82,18508.65,0.0,DAX,DAX,EUREX,EUR
20240801,18432.5,18440.92,18077.02,18083.05,0.0,DAX,DAX,EUREX,EUR
20240802,17884.86,17918.02,17623.97,17661.22,0.0,DAX,DAX,EUREX,EUR
20240805,17525.59,17525.59,17024.82,17339.0,0.0,DAX,DAX,EUREX,EUR
20240806,17422.57,17505.23,17233.07,17354.32,0.0,DAX,DAX,EUREX,EUR
20240807,17438.65,17666.82,17386.88,17615.15,0.0,DAX,DAX,EUREX,EUR
20240808,17516.05,17696.67,17439.87,17680.4,0.0,DAX,DAX,EUREX,EUR
20240809,17672.9,17788.72,17618.42,17722.88,0.0,DAX,DAX,EUREX,EUR
20240812,17784.03,17829.1,17677.79,17726.47,0.0,DAX,DAX,EUREX,EUR
20240813,17799.66,17817.07,17669.64,17812.05,0.0,DAX,DAX,EUREX,EUR
20240814,17882.18,17921.99,17827.08,17885.6,0.0,DAX,DAX,EUREX,EUR
20240815,17977.81,18198.09,17909.74,18183.24,0.0,DAX,DAX,EUREX,EUR
20240816,18236.02,18344.22,18226.6,18322.4,0.0,DAX,DAX,EUREX,EUR
20240819,18312.51,18454.94,18284.86,18421.69,0.0,DAX,DAX,EUREX,EUR
20240820,18473.23,18495.28,18354.33,18357.52,0.0,DAX,DAX,EUREX,EUR
20240821,18358.79,18476.63,18352.19,18448.95,0.0,DAX,DAX,EUREX,EUR
20240822,18459.28,18551.39,18458.61,18493.39,0.0,DAX,DAX,EUREX,EUR
20240823,18538.87,18670.45,18519.29,18633.1,0.0,DAX,DAX,EUREX,EUR
20240826,18589.9,18638.97,18554.51,18617.02,0.0,DAX,DAX,EUREX,EUR
20240827,18637.2,18724.39,18622.66,18681.81,0.0,DAX,DAX,EUREX,EUR
20240828,18745.14,18856.59,18731.45,18782.29,0.0,DAX,DAX,EUREX,EUR
20240829,18791.17,18936.04,18781.16,18912.57,0.0,DAX,DAX,EUREX,EUR
20240830,18891.35,18970.71,18886.09,18906.92,0.0,DAX,DAX,EUREX,EUR
20240902,18913.53,18937.98,18778.54,18930.85,0.0,DAX,DAX,EUREX,EUR
20240903,18979.53,18990.78,18728.46,18747.11,0.0,DAX,DAX,EUREX,EUR
20240904,18531.98,18654.2,18531.98,18591.85,0.0,DAX,DAX,EUREX,EUR
20240905,18539.15,18677.63,18536.56,18576.5,0.0,DAX,DAX,EUREX,EUR
20240906,18534.87,18607.79,18274.98,18301.9,0.0,DAX,DAX,EUREX,EUR
20240909,18379.52,18484.28,18353.25,18443.56,0.0,DAX,DAX,EUREX,EUR
20240910,18417.11,18490.68,18233.86,18265.92,0.0,DAX,DAX,EUREX,EUR
20240911,18342.57,18434.62,18208.84,18330.27,0.0,DAX,DAX,EUREX,EUR
20240912,18533.41,18595.83,18382.26,18518.39,0.0,DAX,DAX,EUREX,EUR
20240913,18546.22,18722.19,18542.23,18699.4,0.0,DAX,DAX,EUREX,EUR
20240916,18621.78,18672.23,18599.53,18633.11,0.0,DAX,DAX,EUREX,EUR
20240917,18686.76,18805.09,18671.64,18726.08,0.0,DAX,DAX,EUREX,EUR
20240918,18729.64,18756.53,18695.37,18711.49,0.0,DAX,DAX,EUREX,EUR
20240919,18877.57,19044.96,18806.16,19002.38,0.0,DAX,DAX,EUREX,EUR
20240920,18895.82,18900.44,18710.34,18720.01,0.0,DAX,DAX,EUREX,EUR
20240923,18766.92,18857.37,18684.34,18846.79,0.0,DAX,DAX,EUREX,EUR
20240924,18982.4,19029.45,18903.48,18996.63,0.0,DAX,DAX,EUREX,EUR
20240925,18845.92,18965.01,18840.13,18918.5,0.0,DAX,DAX,EUREX,EUR
20240926,19107.86,19253.07,19088.42,19238.36,0.0,DAX,DAX,EUREX,EUR
20240927,19257.68,19491.93,19239.86,19473.63,0.0,DAX,DAX,EUREX,EUR
20240930,19412.33,19449.98,19314.34,19324.93,0.0,DAX,DAX,EUREX,EUR
20241001,19409.39,19448.95,19143.79,19213.14,0.0,DAX,DAX,EUREX,EUR
20241002,19221.66,19250.89,19059.6,19164.75,0.0,DAX,DAX,EUREX,EUR
20241003,19074.45,19110.31,18964.31,19015.41,0.0,DAX,DAX,EUREX,EUR
20241004,18968.85,19171.54,18952.44,19120.93,0.0,DAX,DAX,EUREX,EUR
20241007,19150.27,19151.97,19011.94,19104.1,0.0,DAX,DAX,EUREX,EUR
20241008,18937.7,19098.48,18911.72,19066.47,0.0,DAX,DAX,EUREX,EUR
20241009,19065.18,19258.25,19007.85,19254.93,0.0,DAX,DAX,EUREX,EUR
20241010,19242.85,19285.16,19145.42,19210.9,0.0,DAX,DAX,EUREX,EUR
20241011,19206.31,19373.83,19175.78,19373.83,0.0,DAX,DAX,EUREX,EUR
20241014,19409.69,19518.44,19392.64,19508.29,0.0,DAX,DAX,EUREX,EUR
20241015,19581.57,19633.91,19457.49,19486.19,0.0,DAX,DAX,EUREX,EUR
20241016,19465.3,19510.26,19401.54,19432.81,0.0,DAX,DAX,EUREX,EUR
20241017,19509.79,19674.68,19499.46,19583.39,0.0,DAX,DAX,EUREX,EUR
20241018,19543.71,19667.34,19540.2,19657.37,0.0,DAX,DAX,EUREX,EUR
20241021,19609.42,19645.02,19454.17,19461.19,0.0,DAX,DAX,EUREX,EUR
20241022,19528.91,19591.49,19368.69,19421.91,0.0,DAX,DAX,EUREX,EUR
20241023,19399.33,19464.54,19330.11,19377.62,0.0,DAX,DAX,EUREX,EUR
20241024,19417.73,19555.45,19417.73,19443.0,0.0,DAX,DAX,EUREX,EUR
20241025,19419.52,19516.24,19388.91,19463.59,0.0,DAX,DAX,EUREX,EUR
20241028,19528.67,19570.92,19399.16,19531.62,0.0,DAX,DAX,EUREX,EUR
20241029,19634.33,19643.12,19465.0,19478.07,0.0,DAX,DAX,EUREX,EUR
20241030,19403.43,19420.94,19201.24,19257.34,0.0,DAX,DAX,EUREX,EUR
20241031,19096.68,19184.31,19004.97,19077.54,0.0,DAX,DAX,EUREX,EUR
20241101,19093.99,19297.64,19082.1,19254.97,0.0,DAX,DAX,EUREX,EUR
20241104,19231.86,19286.04,19147.85,19147.85,0.0,DAX,DAX,EUREX,EUR
20241105,19170.15,19263.14,19104.59,19256.27,0.0,DAX,DAX,EUREX,EUR
20241106,19360.75,19563.97,19007.88,19039.31,0.0,DAX,DAX,EUREX,EUR
20241107,19157.22,19437.88,19148.79,19362.52,0.0,DAX,DAX,EUREX,EUR
20241108,19411.59,19411.6,19146.53,19215.48,0.0,DAX,DAX,EUREX,EUR
20241111,19386.7,19546.9,19382.48,19448.6,0.0,DAX,DAX,EUREX,EUR
20241112,19260.58,19339.82,19019.67,19033.64,0.0,DAX,DAX,EUREX,EUR
20241113,19024.28,19125.69,18838.68,19003.11,0.0,DAX,DAX,EUREX,EUR
20241114,19072.19,19307.57,19060.44,19263.7,0.0,DAX,DAX,EUREX,EUR
20241115,19135.64,19288.89,19121.14,19210.81,0.0,DAX,DAX,EUREX,EUR
20241118,19249.26,19279.16,19091.9,19189.19,0.0,DAX,DAX,EUREX,EUR
20241119,19175.84,19211.8,18812.53,19060.31,0.0,DAX,DAX,EUREX,EUR
20241120,19153.03,19198.74,18962.19,19004.78,0.0,DAX,DAX,EUREX,EUR
20241121,19060.92,19151.62,18900.02,19146.17,0.0,DAX,DAX,EUREX,EUR
20241122,19240.23,19338.1,19036.41,19322.59,0.0,DAX,DAX,EUREX,EUR
20241125,19462.24,19468.3,19329.88,19405.2,0.0,DAX,DAX,EUREX,EUR
20241126,19309.16,19385.35,19239.37,19295.98,0.0,DAX,DAX,EUREX,EUR
20241127,19257.77,19287.04,19145.01,19261.75,0.0,DAX,DAX,EUREX,EUR
20241128,19366.72,19437.57,19346.59,19425.73,0.0,DAX,DAX,EUREX,EUR
20241129,19400.38,19640.15,19380.21,19626.45,0.0,DAX,DAX,EUREX,EUR
20241202,19586.17,19933.62,19568.5,19933.62,0.0,DAX,DAX,EUREX,EUR
20241203,19947.18,20038.01,19926.26,20016.75,0.0,DAX,DAX,EUREX,EUR
20241204,20103.89,20260.61,20085.31,20232.14,0.0,DAX,DAX,EUREX,EUR
20241205,20218.29,20373.43,20216.33,20358.8,0.0,DAX,DAX,EUREX,EUR
20241206,20374.54,20425.86,20331.24,20384.61,0.0,DAX,DAX,EUREX,EUR
20241209,20461.85,20461.85,20318.26,20345.96,0.0,DAX,DAX,EUREX,EUR
20241210,20278.74,20393.86,20277.63,20329.16,0.0,DAX,DAX,EUREX,EUR
20241211,20296.19,20414.92,20292.86,20399.16,0.0,DAX,DAX,EUREX,EUR
20241212,20440.07,20453.44,20388.03,20426.27,0.0,DAX,DAX,EUREX,EUR
20241213,20450.96,20522.82,20367.12,20405.92,0.0,DAX,DAX,EUREX,EUR
20241216,20360.75,20387.88,20304.78,20313.81,0.0,DAX,DAX,EUREX,EUR
20241217,20290.96,20356.58,20241.5,20246.37,0.0,DAX,DAX,EUREX,EUR
20241218,20273.85,20329.67,20241.98,20242.57,0.0,DAX,DAX,EUREX,EUR
20241219,20032.05,20105.1,19959.18,19969.86,0.0,DAX,DAX,EUREX,EUR
20241220,19822.87,19924.7,19649.87,19884.75,0.0,DAX,DAX,EUREX,EUR
20241223,19847.97,19901.32,19805.57,19848.77,0.0,DAX,DAX,EUREX,EUR
20241227,19831.68,19984.32,19801.33,19984.32,0.0,DAX,DAX,EUREX,EUR
20241230,19892.97,19978.0,19882.67,19909.14,0.0,DAX,DAX,EUREX,EUR
20250102,19923.07,20024.79,19833.82,20024.66,0.0,DAX,DAX,EUREX,EUR
20250103,20028.4,20031.11,19868.14,19906.08,0.0,DAX,DAX,EUREX,EUR
20250106,19982.66,20216.19,19921.12,20216.19,0.0,DAX,DAX,EUREX,EUR
20250107,20206.04,20391.17,20152.7,20340.57,0.0,DAX,DAX,EUREX,EUR
20250108,20322.17,20480.49,20242.56,20329.94,0.0,DAX,DAX,EUREX,EUR
20250109,20284.2,20360.38,20245.96,20317.1,0.0,DAX,DAX,EUREX,EUR
20250110,20316.55,20400.52,20187.97,20214.79,0.0,DAX,DAX,EUREX,EUR
20250113,20157.24,20176.11,20025.28,20132.85,0.0,DAX,DAX,EUREX,EUR
20250114,20266.14,20362.59,20234.26,20271.33,0.0,DAX,DAX,EUREX,EUR
20250115,20305.24,20629.77,20290.62,20574.68,0.0,DAX,DAX,EUREX,EUR
20250116,20665.61,20675.08,20580.09,20655.39,0.0,DAX,DAX,EUREX,EUR
20250117,20732.04,20924.5,20716.38,20903.39,0.0,DAX,DAX,EUREX,EUR
20250120,20900.68,21054.6,20880.57,20990.31,0.0,DAX,DAX,EUREX,EUR
20250121,20925.75,21045.64,20922.8,21042.0,0.0,DAX,DAX,EUREX,EUR
20250122,21169.61,21330.87,21162.31,21254.27,0.0,DAX,DAX,EUREX,EUR
20250123,21277.58,21423.02,21254.08,21411.53,0.0,DAX,DAX,EUREX,EUR
20250124,21463.15,21520.5,21353.01,21394.93,0.0,DAX,DAX,EUREX,EUR
20250127,21201.99,21344.98,21081.61,21282.18,0.0,DAX,DAX,EUREX,EUR
20250128,21374.29,21475.9,21296.33,21430.58,0.0,DAX,DAX,EUREX,EUR
20250129,21511.47,21671.59,21475.64,21637.53,0.0,DAX,DAX,EUREX,EUR
20250130,21676.22,21732.05,21650.78,21727.2,0.0,DAX,DAX,EUREX,EUR
20250131,21771.49,21800.52,21689.29,21732.05,0.0,DAX,DAX,EUREX,EUR
20250203,21301.53,21462.79,21252.71,21428.24,0.0,DAX,DAX,EUREX,EUR
20250204,21474.79,21518.54,21298.71,21505.7,0.0,DAX,DAX,EUREX,EUR
20250205,21429.83,21585.93,21387.72,21585.93,0.0,DAX,DAX,EUREX,EUR
20250206,21718.1,21921.02,21691.57,21902.42,0.0,DAX,DAX,EUREX,EUR
20250207,21908.48,21945.31,21759.97,21787.0,0.0,DAX,DAX,EUREX,EUR
20250210,21830.93,21945.57,21785.02,21911.74,0.0,DAX,DAX,EUREX,EUR
20250211,21909.96,22046.41,21884.38,22037.83,0.0,DAX,DAX,EUREX,EUR
20250212,22077.82,22193.65,21971.63,22148.03,0.0,DAX,DAX,EUREX,EUR
20250213,22410.58,22624.57,22306.33,22612.02,0.0,DAX,DAX,EUREX,EUR
20250214,22526.87,22609.97,22467.37,22513.42,0.0,DAX,DAX,EUREX,EUR
20250217,22589.91,22803.88,22550.73,22798.09,0.0,DAX,DAX,EUREX,EUR
20250218,22851.37,22882.77,22715.25,22844.5,0.0,DAX,DAX,EUREX,EUR
20250219,22875.96,22935.06,22416.11,22433.63,0.0,DAX,DAX,EUREX,EUR
20250220,22501.21,22574.59,22280.23,22314.65,0.0,DAX,DAX,EUREX,EUR
20250221,22329.22,22393.59,22226.34,22287.56,0.0,DAX,DAX,EUREX,EUR
20250224,22470.68,22515.36,22235.26,22425.93,0.0,DAX,DAX,EUREX,EUR
20250225,22362.81,22576.12,22332.15,22410.27,0.0,DAX,DAX,EUREX,EUR
20250226,22571.93,22833.25,22554.37,22794.11,0.0,DAX,DAX,EUREX,EUR
20250227,22587.27,22686.41,22378.06,22550.89,0.0,DAX,DAX,EUREX,EUR
20250228,22409.25,22551.43,22329.06,22551.43,0.0,DAX,DAX,EUREX,EUR
20250303,22682.95,23307.97,22531.6,23147.02,0.0,DAX,DAX,EUREX,EUR
20250304,22852.72,22869.92,22320.07,22326.81,0.0,DAX,DAX,EUREX,EUR
20250305,22804.81,23176.39,22790.89,23081.03,0.0,DAX,DAX,EUREX,EUR
20250306,23245.34,23475.88,23061.57,23419.48,0.0,DAX,DAX,EUREX,EUR
20250307,23195.22,23234.28,22860.08,23008.94,0.0,DAX,DAX,EUREX,EUR
20250310,23163.78,23164.24,22519.21,22620.95,0.0,DAX,DAX,EUREX,EUR
20250311,22680.39,22835.1,22258.3,22328.77,0.0,DAX,DAX,EUREX,EUR
20250312,22525.74,22813.84,22461.77,22676.41,0.0,DAX,DAX,EUREX,EUR
20250313,22578.1,22752.83,22417.52,22567.14,0.0,DAX,DAX,EUREX,EUR
20250314,22501.34,23049.48,22465.12,22986.82,0.0,DAX,DAX,EUREX,EUR
20250317,22998.53,23154.57,22933.57,23154.57,0.0,DAX,DAX,EUREX,EUR
20250318,23266.65,23476.01,23240.56,23380.7,0.0,DAX,DAX,EUREX,EUR
20250319,23272.15,23372.08,23136.54,23288.06,0.0,DAX,DAX,EUREX,EUR
20250320,23295.72,23315.49,22819.76,22999.15,0.0,DAX,DAX,EUREX,EUR
20250321,22926.42,22956.98,22723.19,22891.68,0.0,DAX,DAX,EUREX,EUR
20250324,23075.76,23137.48,22813.11,22852.66,0.0,DAX,DAX,EUREX,EUR
20250325,22913.42,23182.78,22845.52,23109.79,0.0,DAX,DAX,EUREX,EUR
20250326,23202.25,23204.59,22826.37,22839.03,0.0,DAX,DAX,EUREX,EUR
20250327,22574.46,22740.47,22469.88,22678.74,0.0,DAX,DAX,EUREX,EUR
20250328,22558.84,22614.96,22377.91,22461.52,0.0,DAX,DAX,EUREX,EUR
20250331,22253.05,22320.02,21978.46,22163.49,0.0,DAX,DAX,EUREX,EUR
20250401,22343.41,22573.71,22297.37,22539.98,0.0,DAX,DAX,EUREX,EUR
20250402,22483.93,22485.41,22139.27,22390.84,0.0,DAX,DAX,EUREX,EUR
20250403,21842.08,22147.45,21670.96,21717.39,0.0,DAX,DAX,EUREX,EUR
20250404,21543.47,21642.17,20437.37,20641.72,0.0,DAX,DAX,EUREX,EUR
20250407,18751.75,20799.68,18489.91,19789.62,0.0,DAX,DAX,EUREX,EUR
20250408,20039.69,20468.43,19884.48,20280.26,0.0,DAX,DAX,EUREX,EUR
20250409,19833.56,20025.38,19384.39,19670.88,0.0,DAX,DAX,EUREX,EUR
20250410,21207.76,21300.31,20562.73,20562.73,0.0,DAX,DAX,EUREX,EUR
20250411,20787.06,20796.45,20114.54,20374.1,0.0,DAX,DAX,EUREX,EUR
20250414,20802.42,21048.33,20698.91,20954.83,0.0,DAX,DAX,EUREX,EUR
20250415,21076.06,21288.12,21042.27,21253.7,0.0,DAX,DAX,EUREX,EUR
20250416,21117.78,21315.96,20956.38,21311.02,0.0,DAX,DAX,EUREX,EUR
20250417,21433.55,21436.66,21142.26,21205.86,0.0,DAX,DAX,EUREX,EUR
20250422,21150.54,21293.53,21044.61,21293.53,0.0,DAX,DAX,EUREX,EUR
20250423,21801.66,22043.75,21722.84,21961.97,0.0,DAX,DAX,EUREX,EUR
20250424,21890.1,22081.52,21731.79,22064.51,0.0,DAX,DAX,EUREX,EUR
20250425,22210.51,22318.36,22078.34,22242.45,0.0,DAX,DAX,EUREX,EUR
20250428,22339.89,22443.41,22255.33,22271.67,0.0,DAX,DAX,EUREX,EUR
20250429,22377.17,22455.68,22319.28,22425.83,0.0,DAX,DAX,EUREX,EUR
20250430,22520.49,22607.32,22235.74,22496.98,0.0,DAX,DAX,EUREX,EUR
20250502,22818.18,23086.65,22764.51,23086.65,0.0,DAX,DAX,EUREX,EUR
20250505,23064.26,23364.24,23064.26,23344.54,0.0,DAX,DAX,EUREX,EUR
20250506,23387.35,23389.86,22861.4,23249.65,0.0,DAX,DAX,EUREX,EUR
20250507,23252.95,23300.88,23101.1,23115.96,0.0,DAX,DAX,EUREX,EUR
20250508,23265.77,23408.5,23238.46,23352.69,0.0,DAX,DAX,EUREX,EUR
20250509,23480.38,23543.27,23428.88,23499.32,0.0,DAX,DAX,EUREX,EUR
20250512,23758.58,23911.98,23361.72,23566.54,0.0,DAX,DAX,EUREX,EUR
20250513,23583.74,23649.88,23543.05,23638.56,0.0,DAX,DAX,EUREX,EUR
20250514,23679.03,23702.2,23444.41,23527.01,0.0,DAX,DAX,EUREX,EUR
20250515,23422.18,23695.59,23338.89,23695.59,0.0,DAX,DAX,EUREX,EUR
20250516,23775.68,23887.14,23664.39,23767.43,0.0,DAX,DAX,EUREX,EUR
20250519,23705.93,23934.98,23676.35,23934.98,0.0,DAX,DAX,EUREX,EUR
20250520,24004.39,24082.48,23898.85,24036.11,0.0,DAX,DAX,EUREX,EUR
20250521,23966.42,24152.24,23871.47,24122.4,0.0,DAX,DAX,EUREX,EUR
20250522,24017.06,24040.21,23843.07,23999.17,0.0,DAX,DAX,EUREX,EUR
20250523,24026.69,24149.08,23274.85,23629.58,0.0,DAX,DAX,EUREX,EUR
20250526,24009.1,24050.6,23932.04,24027.65,0.0,DAX,DAX,EUREX,EUR
20250527,24054.16,24300.97,24027.75,24226.49,0.0,DAX,DAX,EUREX,EUR
20250528,24250.99,24325.97,24038.19,24038.19,0.0,DAX,DAX,EUREX,EUR
20250529,24255.01,24255.01,23917.06,23933.23,0.0,DAX,DAX,EUREX,EUR
20250530,23963.49,24181.53,23958.43,23997.48,0.0,DAX,DAX,EUREX,EUR
20250602,23865.38,23993.22,23740.09,23930.67,0.0,DAX,DAX,EUREX,EUR
20250603,24031.96,24091.62,23826.39,24091.62,0.0,DAX,DAX,EUREX,EUR
20250604,24253.69,24346.15,24129.32,24276.48,0.0,DAX,DAX,EUREX,EUR
20250605,24281.21,24479.42,24220.71,24323.58,0.0,DAX,DAX,EUREX,EUR
20250606,24304.37,24355.03,24214.53,24304.46,0.0,DAX,DAX,EUREX,EUR
20250609,24252.26,24289.51,24097.09,24174.32,0.0,DAX,DAX,EUREX,EUR
20250610,24156.53,24168.59,23964.77,23987.56,0.0,DAX,DAX,EUREX,EUR
20250611,23996.66,24151.39,23948.9,23948.9,0.0,DAX,DAX,EUREX,EUR
20250612,23768.05,23885.06,23618.85,23771.45,0.0,DAX,DAX,EUREX,EUR
20250613,23448.19,23557.71,23360.16,23516.23,0.0,DAX,DAX,EUREX,EUR
20250616,23589.47,23711.73,23505.54,23699.12,0.0,DAX,DAX,EUREX,EUR
20250617,23495.06,23550.99,23315.07,23434.65,0.0,DAX,DAX,EUREX,EUR
20250618,23426.97,23502.95,23262.64,23317.81,0.0,DAX,DAX,EUREX,EUR
20250619,23178.6,23254.86,23052.69,23057.38,0.0,DAX,DAX,EUREX,EUR
20250620,23197.12,23481.97,23187.48,23350.55,0.0,DAX,DAX,EUREX,EUR
20250623,23242.9,23385.6,23080.29,23269.01,0.0,DAX,DAX,EUREX,EUR
20250624,23689.19,23812.79,23580.21,23641.58,0.0,DAX,DAX,EUREX,EUR
20250625,23713.24,23713.24,23466.73,23498.33,0.0,DAX,DAX,EUREX,EUR
20250626,23609.3,23710.58,23521.1,23649.3,0.0,DAX,DAX,EUREX,EUR
20250627,23864.67,24033.22,23784.62,24033.22,0.0,DAX,DAX,EUREX,EUR
20250630,24109.15,24120.82,23854.31,23909.61,0.0,DAX,DAX,EUREX,EUR
20250701,23966.95,23978.3,23673.29,23673.29,0.0,DAX,DAX,EUREX,EUR
20250702,23789.06,23824.5,23620.42,23790.11,0.0,DAX,DAX,EUREX,EUR
20250703,23884.8,23944.1,23762.42,23934.13,0.0,DAX,DAX,EUREX,EUR
20250704,23833.14,23868.93,23702.65,23787.45,0.0,DAX,DAX,EUREX,EUR
20250707,23845.88,24073.67,23836.58,24073.67,0.0,DAX,DAX,EUREX,EUR
20250708,24135.74,24244.09,24063.42,24206.91,0.0,DAX,DAX,EUREX,EUR
20250709,24278.89,24609.15,24261.01,24549.56,0.0,DAX,DAX,EUREX,EUR
20250710,24638.58,24639.1,24450.97,24456.81,0.0,DAX,DAX,EUREX,EUR
20250711,24333.11,24369.05,24166.63,24255.31,0.0,DAX,DAX,EUREX,EUR
20250714,24038.29,24166.15,23975.46,24160.64,0.0,DAX,DAX,EUREX,EUR
20250715,24220.52,24266.81,24060.29,24060.29,0.0,DAX,DAX,EUREX,EUR
20250716,24011.99,24207.81,23968.95,24009.38,0.0,DAX,DAX,EUREX,EUR
20250717,24227.54,24370.93,24174.76,24370.93,0.0,DAX,DAX,EUREX,EUR
20250718,24483.66,24494.88,24251.36,24289.51,0.0,DAX,DAX,EUREX,EUR
20250721,24309.39,24335.26,24191.63,24307.8,0.0,DAX,DAX,EUREX,EUR
20250722,24236.09,24237.41,23921.83,24041.9,0.0,DAX,DAX,EUREX,EUR
20250723,24246.8,24310.96,24122.19,24240.82,0.0,DAX,DAX,EUREX,EUR
20250724,24502.99,24514.93,24235.44,24295.93,0.0,DAX,DAX,EUREX,EUR
20250725,24097.33,24252.59,24065.19,24217.5,0.0,DAX,DAX,EUREX,EUR
20250728,24424.67,24444.47,23942.12,23970.36,0.0,DAX,DAX,EUREX,EUR
20250729,24051.71,24310.0,24051.71,24217.37,0.0,DAX,DAX,EUREX,EUR
20250730,24169.26,24302.77,24138.21,24262.22,0.0,DAX,DAX,EUREX,EUR
20250731,24340.21,24433.4,24039.92,24065.47,0.0,DAX,DAX,EUREX,EUR
20250801,23786.91,23802.73,23380.94,23425.97,0.0,DAX,DAX,EUREX,EUR
20250804,23523.24,23783.79,23521.61,23757.69,0.0,DAX,DAX,EUREX,EUR
20250805,23914.32,23979.59,23785.08,23846.07,0.0,DAX,DAX,EUREX,EUR
20250806,23972.03,23996.89,23806.92,23924.36,0.0,DAX,DAX,EUREX,EUR
20250807,23910.87,24392.04,23899.46,24192.5,0.0,DAX,DAX,EUREX,EUR
20250808,24165.88,24268.82,24095.99,24162.86,0.0,DAX,DAX,EUREX,EUR
20250811,24206.26,24219.09,24030.05,24081.34,0.0,DAX,DAX,EUREX,EUR
20250812,24147.01,24156.25,23940.24,24024.78,0.0,DAX,DAX,EUREX,EUR
20250813,24156.51,24247.39,24138.79,24185.59,0.0,DAX,DAX,EUREX,EUR
20250814,24205.59,24409.35,24205.37,24377.5,0.0,DAX,DAX,EUREX,EUR
20250815,24530.7,24536.11,24327.6,24359.3,0.0,DAX,DAX,EUREX,EUR
20250818,24313.82,24336.74,24245.17,24314.77,0.0,DAX,DAX,EUREX,EUR
20250819,24357.23,24441.0,24283.55,24423.07,0.0,DAX,DAX,EUREX,EUR
20250820,24252.72,24369.87,24217.51,24276.97,0.0,DAX,DAX,EUREX,EUR
20250821,24274.42,24306.06,24179.91,24293.34,0.0,DAX,DAX,EUREX,EUR
20250822,24254.81,24444.41,24222.54,24363.09,0.0,DAX,DAX,EUREX,EUR
20250825,24232.02,24377.38,24224.15,24273.12,0.0,DAX,DAX,EUREX,EUR
20250826,24110.08,24263.11,24036.88,24152.87,0.0,DAX,DAX,EUREX,EUR
20250827,24174.62,24198.3,23977.99,24046.21,0.0,DAX,DAX,EUREX,EUR
20250828,24180.62,24206.53,23972.54,24039.92,0.0,DAX,DAX,EUREX,EUR
20250829,23949.43,24063.55,23881.98,23902.21,0.0,DAX,DAX,EUREX,EUR
20250901,24012.04,24046.85,23969.36,24037.33,0.0,DAX,DAX,EUREX,EUR
20250902,23975.34,23990.81,23487.33,23487.33,0.0,DAX,DAX,EUREX,EUR
20250903,23606.69,23705.95,23507.11,23594.8,0.0,DAX,DAX,EUREX,EUR
20250904,23664.79,23800.12,23610.45,23770.33,0.0,DAX,DAX,EUREX,EUR
20250905,23851.94,23854.68,23546.7,23596.98,0.0,DAX,DAX,EUREX,EUR
20250908,23771.86,23830.12,23655.47,23807.13,0.0,DAX,DAX,EUREX,EUR
20250909,23802.61,23859.56,23633.95,23718.45,0.0,DAX,DAX,EUREX,EUR
20250910,23837.17,23883.58,23600.47,23632.95,0.0,DAX,DAX,EUREX,EUR
20250911,23654.93,23787.18,23563.37,23703.65,0.0,DAX,DAX,EUREX,EUR
20250912,23767.34,23793.06,23604.36,23698.15,0.0,DAX,DAX,EUREX,EUR
20250915,23785.26,23855.35,23664.11,23748.86,0.0,DAX,DAX,EUREX,EUR
20250916,23711.99,23717.67,23317.3,23329.24,0.0,DAX,DAX,EUREX,EUR
20250917,23407.39,23476.71,23284.67,23359.18,0.0,DAX,DAX,EUREX,EUR
20250918,23577.06,23690.47,23557.81,23674.53,0.0,DAX,DAX,EUREX,EUR
20250919,23723.34,23785.24,23599.26,23639.41,0.0,DAX,DAX,EUREX,EUR
20250922,23567.49,23589.25,23424.44,23527.05,0.0,DAX,DAX,EUREX,EUR
20250923,23604.36,23723.2,23564.97,23611.33,0.0,DAX,DAX,EUREX,EUR
20250924,23601.5,23736.6,23499.98,23666.81,0.0,DAX,DAX,EUREX,EUR
20250925,23620.4,23629.37,23383.84,23534.83,0.0,DAX,DAX,EUREX,EUR
20250926,23601.19,23756.04,23579.25,23739.47,0.0,DAX,DAX,EUREX,EUR
20250929,23835.61,23835.61,23666.81,23745.06,0.0,DAX,DAX,EUREX,EUR
20250930,23726.43,23887.73,23676.36,23880.72,0.0,DAX,DAX,EUREX,EUR
20251001,23755.23,24162.23,23753.08,24113.62,0.0,DAX,DAX,EUREX,EUR
20251002,24293.83,24502.33,24247.45,24422.56,0.0,DAX,DAX,EUREX,EUR
20251003,24511.57,24524.11,24343.21,24378.8,0.0,DAX,DAX,EUREX,EUR
20251006,24357.59,24482.9,24269.94,24378.29,0.0,DAX,DAX,EUREX,EUR
20251007,24400.77,24452.93,24308.04,24385.78,0.0,DAX,DAX,EUREX,EUR
20251008,24382.66,24630.97,24360.65,24597.13,0.0,DAX,DAX,EUREX,EUR
20251009,24674.65,24771.34,24602.12,24611.25,0.0,DAX,DAX,EUREX,EUR
20251010,24664.23,24690.72,24241.46,24241.46,0.0,DAX,DAX,EUREX,EUR
20251013,24372.9,24448.77,24260.77,24387.93,0.0,DAX,DAX,EUREX,EUR
20251014,24169.03,24242.85,23986.93,24236.94,0.0,DAX,DAX,EUREX,EUR
20251015,24263.71,24339.27,24181.37,24181.37,0.0,DAX,DAX,EUREX,EUR
20251016,24188.15,24283.57,24051.85,24272.19,0.0,DAX,DAX,EUREX,EUR
20251017,23833.11,23987.75,23684.37,23830.99,0.0,DAX,DAX,EUREX,EUR
20251020,24035.19,24296.39,24026.59,24258.8,0.0,DAX,DAX,EUREX,EUR
20251021,24310.44,24384.24,24201.29,24330.03,0.0,DAX,DAX,EUREX,EUR
20251022,24296.16,24342.18,24138.25,24151.13,0.0,DAX,DAX,EUREX,EUR
20251023,24202.78,24222.84,24035.21,24207.79,0.0,DAX,DAX,EUREX,EUR
20251024,24275.99,24275.99,24145.26,24239.89,0.0,DAX,DAX,EUREX,EUR
20251027,24332.85,24348.59,24185.84,24308.78,0.0,DAX,DAX,EUREX,EUR
20251028,24228.18,24339.94,24188.37,24278.63,0.0,DAX,DAX,EUREX,EUR
20251029,24261.09,24322.9,24090.58,24124.21,0.0,DAX,DAX,EUREX,EUR
20251030,24187.82,24215.3,24034.75,24118.89,0.0,DAX,DAX,EUREX,EUR
20251031,24115.31,24119.66,23922.95,23958.3,0.0,DAX,DAX,EUREX,EUR
20251103,23990.34,24248.67,23982.28,24132.41,0.0,DAX,DAX,EUREX,EUR
20251104,23801.24,23974.31,23674.65,23949.11,0.0,DAX,DAX,EUREX,EUR
20251105,23774.55,24103.53,23732.38,24049.74,0.0,DAX,DAX,EUREX,EUR
20251106,23996.24,24058.73,23721.99,23734.02,0.0,DAX,DAX,EUREX,EUR
20251107,23801.97,23837.12,23452.89,23569.96,0.0,DAX,DAX,EUREX,EUR
20251110,23925.36,24022.69,23854.49,23959.99,0.0,DAX,DAX,EUREX,EUR
20251111,23990.14,24108.43,23952.41,24088.06,0.0,DAX,DAX,EUREX,EUR
20251112,24245.89,24441.28,24234.94,24381.46,0.0,DAX,DAX,EUREX,EUR
20251113,24367.7,24416.33,24040.52,24041.62,0.0,DAX,DAX,EUREX,EUR
20251114,23977.72,23992.12,23609.06,23876.55,0.0,DAX,DAX,EUREX,EUR
20251117,23890.48,23928.48,23529.73,23590.52,0.0,DAX,DAX,EUREX,EUR
20251118,23238.33,23358.75,23085.38,23180.53,0.0,DAX,DAX,EUREX,EUR
20251119,23180.93,23379.36,23105.55,23162.92,0.0,DAX,DAX,EUREX,EUR
20251120,23387.42,23512.49,23278.85,23278.85,0.0,DAX,DAX,EUREX,EUR
20251121,22963.17,23256.27,22943.06,23091.87,0.0,DAX,DAX,EUREX,EUR
20251124,23280.32,23392.22,23149.7,23239.18,0.0,DAX,DAX,EUREX,EUR
20251125,23254.46,23487.23,23139.27,23464.63,0.0,DAX,DAX,EUREX,EUR
20251126,23585.26,23726.22,23445.28,23726.22,0.0,DAX,DAX,EUREX,EUR
20251127,23732.81,23830.97,23708.42,23767.96,0.0,DAX,DAX,EUREX,EUR
20251128,23780.75,23883.98,23720.56,23836.79,0.0,DAX,DAX,EUREX,EUR
20251201,23731.29,23734.2,23433.48,23589.44,0.0,DAX,DAX,EUREX,EUR
20251202,23637.49,23792.05,23607.7,23710.86,0.0,DAX,DAX,EUREX,EUR
20251203,23788.82,23838.05,23646.43,23693.71,0.0,DAX,DAX,EUREX,EUR
20251204,23836.23,23930.52,23797.71,23882.03,0.0,DAX,DAX,EUREX,EUR
20251205,23942.73,24130.92,23929.26,24028.14,0.0,DAX,DAX,EUREX,EUR
20251208,24015.97,24116.99,23985.28,24046.01,0.0,DAX,DAX,EUREX,EUR
20251209,24094.99,24186.92,24092.5,24162.65,0.0,DAX,DAX,EUREX,EUR
20251210,24131.39,24168.72,24001.43,24130.14,0.0,DAX,DAX,EUREX,EUR
20251211,24055.17,24364.01,24007.98,24294.61,0.0,DAX,DAX,EUREX,EUR
20251212,24368.94,24474.62,24173.28,24186.49,0.0,DAX,DAX,EUREX,EUR
20251215,24297.64,24318.3,24170.45,24229.91,0.0,DAX,DAX,EUREX,EUR
20251216,24124.11,24191.6,24011.8,24076.87,0.0,DAX,DAX,EUREX,EUR
20251217,24159.62,24185.47,23949.17,23960.59,0.0,DAX,DAX,EUREX,EUR
20251218,23947.03,24215.98,23923.97,24199.5,0.0,DAX,DAX,EUREX,EUR
20251219,24196.19,24305.82,24153.23,24288.4,0.0,DAX,DAX,EUREX,EUR
20251222,24291.85,24356.11,24203.37,24283.97,0.0,DAX,DAX,EUREX,EUR
20251223,24297.62,24362.01,24257.47,24340.06,0.0,DAX,DAX,EUREX,EUR
20251229,24370.94,24389.15,24253.73,24351.12,0.0,DAX,DAX,EUREX,EUR
20251230,24343.19,24527.94,24328.42,24490.41,0.0,DAX,DAX,EUREX,EUR
20260102,24499.51,24676.79,24448.98,24539.34,0.0,DAX,DAX,EUREX,EUR
20260105,24681.35,24868.69,24639.68,24868.69,0.0,DAX,DAX,EUREX,EUR
20260106,24904.68,24969.17,24836.33,24892.2,0.0,DAX,DAX,EUREX,EUR
20260107,24995.0,25122.26,24982.62,25122.26,0.0,DAX,DAX,EUREX,EUR
20260108,25128.46,25217.52,25024.65,25127.46,0.0,DAX,DAX,EUREX,EUR
20260109,25124.02,25281.18,25107.92,25261.64,0.0,DAX,DAX,EUREX,EUR
20260112,25248.37,25421.42,25236.88,25405.34,0.0,DAX,DAX,EUREX,EUR
20260113,25408.37,25507.79,25338.3,25420.66,0.0,DAX,DAX,EUREX,EUR
20260114,25429.75,25461.36,25268.27,25286.24,0.0,DAX,DAX,EUREX,EUR
20260115,25275.83,25378.55,25233.32,25352.39,0.0,DAX,DAX,EUREX,EUR
20260116,25336.01,25354.11,25198.53,25297.13,0.0,DAX,DAX,EUREX,EUR
20260119,24940.47,25070.61,24911.59,24959.06,0.0,DAX,DAX,EUREX,EUR
20260120,24747.35,24758.32,24507.11,24703.12,0.0,DAX,DAX,EUREX,EUR
20260121,24636.55,24656.73,24349.54,24560.98,0.0,DAX,DAX,EUREX,EUR
20260122,24877.63,24937.08,24772.54,24856.47,0.0,DAX,DAX,EUREX,EUR
20260123,24819.94,24930.15,24796.93,24900.71,0.0,DAX,DAX,EUREX,EUR
20260126,24890.3,24985.15,24790.74,24933.08,0.0,DAX,DAX,EUREX,EUR
20260127,25008.03,25020.22,24848.53,24894.44,0.0,DAX,DAX,EUREX,EUR
20260128,24878.23,24926.03,24707.19,24822.79,0.0,DAX,DAX,EUREX,EUR
20260129,24697.38,24758.73,24266.33,24309.46,0.0,DAX,DAX,EUREX,EUR
20260130,24376.15,24585.45,24366.39,24538.81,0.0,DAX,DAX,EUREX,EUR
20260202,24392.09,24851.7,24384.21,24797.52,0.0,DAX,DAX,EUREX,EUR
20260203,24956.76,25098.71,24703.62,24780.79,0.0,DAX,DAX,EUREX,EUR
20260204,24845.59,24877.91,24603.04,24603.04,0.0,DAX,DAX,EUREX,EUR
20260205,24607.47,24663.81,24272.62,24491.06,0.0,DAX,DAX,EUREX,EUR
20260206,24452.15,24737.97,24393.11,24721.46,0.0,DAX,DAX,EUREX,EUR
20260209,24860.67,25014.87,24714.89,25014.87,0.0,DAX,DAX,EUREX,EUR
20260210,24960.59,25075.75,24935.34,24987.85,0.0,DAX,DAX,EUREX,EUR
20260211,24956.46,25001.52,24834.79,24856.15,0.0,DAX,DAX,EUREX,EUR
20260212,25060.8,25239.01,24813.23,24852.69,0.0,DAX,DAX,EUREX,EUR
20260213,24822.3,24953.15,24750.47,24914.88,0.0,DAX,DAX,EUREX,EUR
20260216,24988.61,25020.83,24793.58,24800.91,0.0,DAX,DAX,EUREX,EUR
20260217,24796.82,25020.64,24734.04,24998.4,0.0,DAX,DAX,EUREX,EUR
20260218,25127.13,25315.01,25100.92,25278.21,0.0,DAX,DAX,EUREX,EUR
20260219,25198.38,25228.94,24983.89,25043.57,0.0,DAX,DAX,EUREX,EUR
20260220,25070.0,25331.06,25004.81,25260.69,0.0,DAX,DAX,EUREX,EUR
20260223,25114.39,25194.93,24937.56,24991.97,0.0,DAX,DAX,EUREX,EUR
20260224,24952.16,25091.95,24878.1,24986.25,0.0,DAX,DAX,EUREX,EUR
20260225,25051.84,25184.41,24988.61,25175.94,0.0,DAX,DAX,EUREX,EUR
20260226,25095.86,25318.95,25088.49,25289.02,0.0,DAX,DAX,EUREX,EUR
20260227,25294.37,25405.97,25188.3,25284.26,0.0,DAX,DAX,EUREX,EUR
20260302,24695.44,24897.61,24577.42,24638.0,0.0,DAX,DAX,EUREX,EUR
20260303,24207.44,24239.52,23601.11,23790.65,0.0,DAX,DAX,EUREX,EUR
20260304,23901.32,24242.49,23814.89,24205.36,0.0,DAX,DAX,EUREX,EUR
20260305,24145.44,24366.81,23754.65,23815.75,0.0,DAX,DAX,EUREX,EUR
20260306,23942.89,24028.44,23342.88,23591.03,0.0,DAX,DAX,EUREX,EUR
20260309,22998.94,23470.8,22927.55,23409.37,0.0,DAX,DAX,EUREX,EUR
20260310,23886.38,24061.15,23765.24,23968.63,0.0,DAX,DAX,EUREX,EUR
20260311,23725.21,23824.73,23533.7,23640.03,0.0,DAX,DAX,EUREX,EUR
20260312,23577.82,23703.55,23395.91,23472.15,0.0,DAX,DAX,EUREX,EUR
