user_name,broker,series_id,qty_open,position_eur,asset_rollup,underlying_symbol,optie_call_put,strike,expiry,ib_currency,exchange_code,trading_class,multiplier,conid,local_symbol,last_verified_ts
onno,degiro,1,-300.0,1461.0,AEX,EOE,put,820.0,2026-03-20,EUR,FTA,AEX,100.0,774426708,AEX P@820 MAR26,2026-03-14 17:59:18
onno,lynx,78,-400.0,3968.0,AEX,EOE,put,840.0,2026-03-20,EUR,FTA,AEX,100.0,770650426,AEX P@840 MAR26,2026-03-14 17:59:18
onno,lynx,79,300.0,-6785.0,AEX,EOE,put,900.0,2026-03-20,EUR,FTA,AEX,100.0,770650440,AEX P@900 MAR26,2026-03-14 17:59:18
onno,degiro,2,300.0,-4560.0,AEX,EOE,put,920.0,2026-03-20,EUR,FTA,AEX,100.0,770650451,AEX P@920 MAR26,2026-03-14 17:59:18
onno,degiro,3,-300.0,273.0,AHOLD,AD,call,38.0,2026-03-20,EUR,FTA,AH,100.0,773679693,AH C@38 MAR26,2026-03-14 17:59:18
onno,lynx,81,-800.0,368.0,AHOLD,AD,put,36.0,2026-03-20,EUR,FTA,AH,100.0,770618606,AH P@36 MAR26,2026-03-14 17:59:19
onno,lynx,80,-400.0,252.0,AHOLD,AD,put,40.0,2026-04-17,EUR,FTA,AH,100.0,847386456,AH P@40 APR26,2026-03-14 17:59:19
onno,interactive,31,-100.0,300.0,ALLIANZ,ALV,put,370.0,2026-03-20,EUR,EUREX,ALV,100.0,840901844,P ALV  20260320 370 M,2026-03-14 17:59:19
onno,interactive,32,-100.0,223.0,ANET,ANET,put,120.0,2026-03-20,USD,SMART,ANET,100.0,756933159,ANET  260320P00120000,2026-03-14 17:59:19
onno,interactive,33,-100.0,5153.0,APPLOVIN,APP,put,500.0,2026-03-20,USD,SMART,APP,100.0,784443415,APP   260320P00500000,2026-03-14 17:59:20
onno,interactive,34,-200.0,178.0,ARCHER,ACHR,put,7.0,2026-03-20,USD,SMART,ACHR,100.0,846149851,ACHR  260320P00007000,2026-03-14 17:59:20
onno,interactive,35,-100.0,149.0,ARCHER,ACHR,put,8.0,2026-03-20,USD,SMART,ACHR,100.0,846149930,ACHR  260320P00008000,2026-03-14 17:59:20
onno,degiro,4,-100.0,815.0,ASMI,ASM,put,580.0,2026-03-20,EUR,FTA,ASM,100.0,840478942,ASM P@580 MAR26,2026-03-14 17:59:21
onno,lynx,82,-100.0,433.0,ASMLAEB,ASML,put,1020.0,2026-03-20,EUR,FTA,ASL,100.0,840478420,ASL P@1020 MAR26,2026-03-14 17:59:21
onno,degiro,6,-200.0,106.0,ASR,ASRNL,put,59.0,2026-03-20,EUR,FTA,ASR,100.0,840479316,ASR P@59 MAR26,2026-03-14 17:59:21
onno,degiro,5,-200.0,586.0,ASR,ASRNL,put,60.0,2026-04-17,EUR,FTA,ASR,100.0,847391598,ASR P@60 APR26,2026-03-14 17:59:21
onno,lynx,83,-100.0,233.0,ASTS,ASTS,put,80.0,2026-03-20,USD,SMART,ASTS,100.0,794658115,ASTS  260320P00080000,2026-03-14 17:59:21
onno,interactive,36,-100.0,372.0,BABA,BABA,call,137.0,2026-03-20,USD,SMART,BABA,100.0,861959445,BABA  260320C00137000,2026-03-14 17:59:22
onno,interactive,37,-100.0,2677.0,BABA,BABA,put,160.0,2026-03-20,USD,SMART,BABA,100.0,791532628,BABA  260320P00160000,2026-03-14 17:59:22
onno,degiro,7,-200.0,418.0,BASF,BAS,put,50.0,2026-03-20,EUR,EUREX,BAS,100.0,771013345,P BAS  20260320 50 M,2026-03-14 17:59:22
onno,lynx,84,-400.0,400.0,BAYER,BAYN,call,39.0,2026-03-20,EUR,EUREX,BAY,100.0,840913910,C BAY  20260320 39 M,2026-03-14 17:59:22
onno,lynx,85,-600.0,534.0,BAYER,BAYN,put,39.0,2026-03-20,EUR,EUREX,BAY,100.0,840914191,P BAY  20260320 39 M,2026-03-14 17:59:23
onno,lynx,86,-100.0,380.0,BESI,BESI,put,165.0,2026-03-20,EUR,FTA,BES,100.0,843226552,BES P@165 MAR26,2026-03-14 17:59:23
onno,degiro,8,-100.0,216.6,BESI,BESI,put,150.0,2026-04-17,EUR,FTA,BES,100.0,847392509,BES P@150 APR26,2026-03-14 17:59:23
onno,interactive,38,-100.0,215.0,BHP,BHP,put,70.0,2026-03-20,USD,SMART,BHP,100.0,757641158,BHP   260320P00070000,2026-03-14 17:59:23
onno,interactive,39,-200.0,598.0,BHP,BHP,put,72.5,2026-03-20,USD,SMART,BHP,100.0,843587268,BHP   260320P00072500,2026-03-14 17:59:23
onno,interactive,40,-100.0,460.0,BHP,BHP,put,80.0,2026-03-20,USD,SMART,BHP,100.0,801572807,BHP   260320P00080000,2026-03-14 17:59:24
onno,lynx,87,-200.0,388.0,BMW,BMW,put,81.0,2026-03-20,EUR,EUREX,BMW,100.0,840921281,P BMW  20260320 81 M,2026-03-14 17:59:24
onno,degiro,9,-300.0,880.0,BMW,BMW,put,82.0,2026-03-20,EUR,EUREX,BMW,100.0,840921284,P BMW  20260320 82 M,2026-03-14 17:59:24
onno,lynx,88,-200.0,436.0,BNP,BNP,put,84.0,2026-03-20,EUR,EUREX,BNP,100.0,771021176,P BNP  20260320 84 M,2026-03-14 17:59:24
onno,interactive,41,-200.0,840.0,BNP,BNP,put,89.0,2026-03-20,EUR,EUREX,BNP,100.0,840922370,P BNP  20260320 89 M,2026-03-14 17:59:24
onno,interactive,42,-300.0,2367.0,CAMECO,CCJ,put,117.0,2026-03-20,USD,SMART,CCJ,100.0,857286593,CCJ   260320P00117000,2026-03-14 17:59:25
onno,degiro,10,-100.0,90.0,CSG,CSG1,call,32.0,2026-03-20,EUR,FTA,CSG,100.0,853448893,CSG C@32 MAR26,2026-03-14 18:13:34
onno,degiro,11,-100.0,115.0,CSG,CSG1,put,30.0,2026-03-20,EUR,FTA,CSG,100.0,853448882,CSG P@30 MAR26,2026-03-14 18:13:34
onno,degiro,12,-200.0,608.0,DANONE,BN,call,72.0,2026-03-20,EUR,EUREX,BSN,100.0,771024621,C BSN  20260320 72 M,2026-03-14 17:59:26
onno,interactive,43,-100.0,27.0,DHL,DHL,call,47.0,2026-03-20,EUR,EUREX,DPW,100.0,840944922,C DPW  20260320 47 M,2026-03-14 17:59:26
onno,lynx,43,-200.0,108.0,DHL,DHL,call,47.0,2026-03-20,EUR,EUREX,DPW,100.0,840944922,C DPW  20260320 47 M,2026-03-14 17:59:26
onno,interactive,44,-200.0,476.0,DHL,DHL,put,48.0,2026-03-20,EUR,EUREX,DPW,100.0,771043506,P DPW  20260320 48 M,2026-03-14 17:59:26
onno,lynx,89,-100.0,91.0,FLOW,FLOW,put,26.5,2026-03-20,EUR,FTA,FLW,100.0,841890480,FLW P@26.5 MAR26,2026-03-14 17:59:26
onno,degiro,14,-200.0,404.0,HEINEKEN,HEIA,call,78.0,2026-03-20,EUR,FTA,HEI,100.0,851557662,HEI C@78 MAR26,2026-03-14 17:59:26
onno,lynx,90,-200.0,136.0,HEINEKEN,HEIA,call,80.0,2026-03-20,EUR,FTA,HEI,100.0,770622809,HEI C@80 MAR26,2026-03-14 17:59:26
onno,degiro,15,-100.0,784.0,HEINEKEN,HEIA,put,80.0,2026-03-20,EUR,FTA,HEI,100.0,770622812,HEI P@80 MAR26,2026-03-14 17:59:27
onno,degiro,13,-200.0,1298.0,HEINEKEN,HEIA,put,76.0,2026-04-17,EUR,FTA,HEI,100.0,847397738,HEI P@76 APR26,2026-03-14 17:59:27
onno,interactive,45,-200.0,162.0,INFINEON,IFX,put,40.0,2026-03-20,EUR,EUREX,IFX,100.0,771082010,P IFX  20260320 40 M,2026-03-14 17:59:27
onno,degiro,16,-200.0,288.0,ING,INGA,call,23.83,2026-03-20,EUR,FTA,ING,101.0,770623313,ING C@23.83 MAR26,2026-03-14 17:59:27
onno,lynx,91,-1000.0,350.0,ING,INGA,put,23.34,2026-03-20,EUR,FTA,ING,101.0,840486283,ING P@23.34 MAR26,2026-03-14 17:59:27
onno,interactive,46,-500.0,975.0,INTEL,INTC,call,45.5,2026-03-20,USD,SMART,INTC,100.0,857329271,INTC  260320C00045500,2026-03-14 17:59:28
onno,interactive,47,-100.0,340.0,ISRG,ISRG,call,490.0,2026-03-20,USD,SMART,ISRG,100.0,756950485,ISRG  260320C00490000,2026-03-14 17:59:28
onno,interactive,48,-100.0,27.0,JOBY,JOBY,call,10.0,2026-03-20,USD,SMART,JOBY,100.0,837522546,JOBY  260320C00010000,2026-03-14 17:59:28
onno,interactive,49,-100.0,60.0,JOBY,JOBY,put,9.5,2026-03-20,USD,SMART,JOBY,100.0,857325960,JOBY  260320P00009500,2026-03-14 17:59:29
onno,interactive,50,-300.0,204.0,KO,KO,call,78.0,2026-03-20,USD,SMART,KO,100.0,857372063,KO    260320C00078000,2026-03-14 17:59:29
onno,degiro,17,-300.0,96.0,MAGNUM,MICC,call,13.0,2026-03-20,EUR,FTA,MAG,100.0,838603646,MAG C@13 MAR26,2026-03-14 18:13:34
onno,degiro,18,-100.0,19.0,MAGNUM,MICC,call,14.0,2026-03-20,EUR,FTA,MAG,100.0,838603652,MAG C@14 MAR26,2026-03-14 18:13:35
onno,degiro,19,-300.0,198.0,MAGNUM,MICC,call,16.5,2026-03-20,EUR,FTA,MAG,100.0,849578649,MAG C@16.5 MAR26,2026-03-14 18:13:35
onno,lynx,92,-0.2,324.0,MBITCOIN,MBT,put,71500.0,2026-03-20,USD,CME,W3E,0.1,854109702,W3EH6 P71500,2026-03-14 18:15:46
onno,interactive,51,-100.0,126.0,MDT,MDT,call,87.0,2026-03-20,USD,SMART,MDT,100.0,857353156,MDT   260320C00087000,2026-03-14 17:59:31
onno,lynx,93,-500.0,245.0,MT,MT,put,47.0,2026-03-20,EUR,FTA,MT,100.0,845961859,MT P@47 MAR26,2026-03-14 17:59:31
onno,degiro,20,-800.0,520.0,MT,MT,put,48.0,2026-03-20,EUR,FTA,MT,100.0,838689172,MT P@48 MAR26,2026-03-14 17:59:32
onno,interactive,53,-300.0,546.0,NEBIUS,NBIS,put,95.0,2026-03-20,USD,SMART,NBIS,100.0,805448839,NBIS  260320P00095000,2026-03-14 17:59:32
onno,interactive,52,-100.0,235.0,NEBIUS,NBIS,put,105.0,2026-03-20,USD,SMART,NBIS,100.0,805448721,NBIS  260320P00105000,2026-03-14 17:59:32
onno,interactive,54,-100.0,39.0,NIKE,NKE,call,58.0,2026-03-27,USD,SMART,NKE,100.0,852318987,NKE   260327C00058000,2026-03-14 17:59:33
onno,interactive,55,-200.0,370.0,O,O,call,65.0,2026-03-20,USD,SMART,O,100.0,757668225,O     260320C00065000,2026-03-14 17:59:33
onno,lynx,55,-500.0,925.0,O,O,call,65.0,2026-03-20,USD,SMART,O,100.0,757668225,O     260320C00065000,2026-03-14 17:59:33
onno,lynx,94,-100.0,90.0,OKTA,OKTA,call,82.5,2026-03-20,USD,SMART,OKTA,100.0,764250951,OKTA  260320C00082500,2026-03-14 17:59:33
onno,lynx,95,-100.0,1132.0,OKTA,OKTA,put,90.0,2026-03-20,USD,SMART,OKTA,100.0,762306796,OKTA  260320P00090000,2026-03-14 17:59:34
onno,interactive,56,-100.0,241.0,ORACLE,ORCL,put,135.0,2026-04-17,USD,SMART,ORCL,100.0,809572079,ORCL  260417P00135000,2026-03-14 17:59:34
onno,interactive,57,-100.0,520.0,PANW,PANW,call,165.0,2026-03-20,USD,SMART,PANW,100.0,756966178,PANW  260320C00165000,2026-03-14 17:59:35
onno,interactive,58,-200.0,592.0,PL,PL,put,22.0,2026-03-20,USD,SMART,PL,100.0,846573383,PL    260320P00022000,2026-03-14 17:59:35
onno,interactive,59,-100.0,209.0,PL,PL,put,23.5,2026-03-20,USD,SMART,PL,100.0,857346543,PL    260320P00023500,2026-03-14 17:59:35
onno,interactive,60,-300.0,672.0,PLTR,PLTR,put,145.0,2026-03-20,USD,SMART,PLTR,100.0,759159133,PLTR  260320P00145000,2026-03-14 17:59:36
onno,degiro,21,-200.0,100.0,PROSUS,PRX,call,48.0,2026-03-20,EUR,FTA,PRX,100.0,781272480,PRX C@48 MAR26,2026-03-14 17:59:36
onno,lynx,21,-200.0,100.0,PROSUS,PRX,call,48.0,2026-03-20,EUR,FTA,PRX,100.0,781272480,PRX C@48 MAR26,2026-03-14 17:59:36
onno,degiro,22,-100.0,550.0,PROSUS,PRX,put,48.0,2026-03-20,EUR,FTA,PRX,100.0,781272485,PRX P@48 MAR26,2026-03-14 17:59:36
onno,degiro,23,-400.0,348.0,RDSA,SHELL,call,33.0,2026-03-20,EUR,FTA,RD,100.0,840490027,RD C@33 MAR26,2026-03-14 17:59:36
onno,lynx,96,-200.0,346.0,RDSA,SHELL,call,35.0,2026-03-20,EUR,FTA,RD,100.0,826597324,RD C@35 MAR26,2026-03-14 17:59:36
onno,lynx,97,-500.0,290.0,RDSA,SHELL,put,36.0,2026-03-20,EUR,FTA,RD,100.0,772009532,RD P@36 MAR26,2026-03-14 17:59:36
onno,degiro,24,-200.0,138.0,RELX,REN,call,31.0,2026-03-20,EUR,FTA,REN,100.0,840490522,REN C@31 MAR26,2026-03-14 17:59:37
onno,lynx,24,-300.0,207.0,RELX,REN,call,31.0,2026-03-20,EUR,FTA,REN,100.0,840490522,REN C@31 MAR26,2026-03-14 17:59:37
onno,degiro,25,-200.0,842.0,RELX,REN,put,30.0,2026-03-20,EUR,FTA,REN,100.0,770625469,REN P@30 MAR26,2026-03-14 17:59:37
onno,interactive,61,-100.0,302.0,ROBINHOOD,HOOD,call,80.0,2026-03-20,USD,SMART,HOOD,100.0,763686886,HOOD  260320C00080000,2026-03-14 17:59:37
onno,interactive,62,-300.0,1011.0,ROBINHOOD,HOOD,put,76.0,2026-03-20,USD,SMART,HOOD,100.0,857325441,HOOD  260320P00076000,2026-03-14 17:59:38
onno,interactive,63,-100.0,455.0,ROCKETLAB,RKLB,put,70.0,2026-03-20,USD,SMART,RKLB,100.0,837272314,RKLB  260320P00070000,2026-03-14 17:59:38
onno,lynx,98,-100.0,249.0,RTX,RTX,put,185.0,2026-03-20,USD,SMART,RTX,100.0,756996552,RTX   260320P00185000,2026-03-14 17:59:38
onno,lynx,99,-100.0,146.0,SERVICENOW,NOW,put,95.0,2026-03-20,USD,SMART,NOW,100.0,846557729,NOW   260320P00095000,2026-03-14 17:59:39
onno,lynx,100,-200.0,106.0,SLV,SLV,put,73.0,2026-03-16,USD,SMART,SLV,100.0,859571027,SLV   260316P00073000,2026-03-14 17:59:39
onno,lynx,101,-100.0,80.0,SLV,SLV,put,75.0,2026-03-16,USD,SMART,SLV,100.0,859571175,SLV   260316P00075000,2026-03-14 17:59:39
onno,interactive,64,-300.0,267.0,SLV,SLV,put,72.0,2026-03-18,USD,SMART,SLV,100.0,860175896,SLV   260318P00072000,2026-03-14 17:59:40
onno,lynx,102,-100.0,193.0,SLV,SLV,put,75.0,2026-03-18,USD,SMART,SLV,100.0,860175943,SLV   260318P00075000,2026-03-14 17:59:40
onno,interactive,65,-100.0,343.0,SLV,SLV,put,77.0,2026-03-20,USD,SMART,SLV,100.0,835962512,SLV   260320P00077000,2026-03-14 17:59:40
onno,interactive,66,-100.0,473.0,SLV,SLV,put,79.0,2026-03-20,USD,SMART,SLV,100.0,835962557,SLV   260320P00079000,2026-03-14 17:59:41
onno,lynx,103,-200.0,106.0,SMR,SMR,call,12.0,2026-03-20,USD,SMART,SMR,100.0,831189298,SMR   260320C00012000,2026-03-14 17:59:41
onno,interactive,67,-100.0,36.0,SMR,SMR,call,12.5,2026-03-20,USD,SMART,SMR,100.0,857349973,SMR   260320C00012500,2026-03-14 17:59:41
onno,interactive,68,-100.0,310.0,SMR,SMR,put,15.0,2026-03-20,USD,SMART,SMR,100.0,829887570,SMR   260320P00015000,2026-03-14 17:59:42
onno,lynx,104,-200.0,684.0,SMR,SMR,put,16.0,2026-03-20,USD,SMART,SMR,100.0,809021091,SMR   260320P00016000,2026-03-14 17:59:42
onno,interactive,69,-100.0,664.0,SNOW,SNOW,put,180.0,2026-03-20,USD,SMART,SNOW,100.0,744475618,SNOW  260320P00180000,2026-03-14 17:59:42
onno,degiro,26,-100.0,108.0,TOTAL,TTE,put,64.0,2026-03-20,EUR,EUREX,TOTB,100.0,771175330,P TOTB 20260320 64 M,2026-03-14 17:59:43
onno,lynx,105,-100.0,166.0,UBER,UBER,put,74.0,2026-03-20,USD,SMART,UBER,100.0,857395781,UBER  260320P00074000,2026-03-14 17:59:43
onno,interactive,70,-100.0,270.0,UNH,UNH,call,287.5,2026-03-20,USD,SMART,UNH,100.0,857401058,UNH   260320C00287500,2026-03-14 17:59:43
onno,lynx,106,-100.0,205.0,UNH,UNH,call,290.0,2026-03-20,USD,SMART,UNH,100.0,757009670,UNH   260320C00290000,2026-03-14 17:59:44
onno,lynx,107,-100.0,174.0,UNILEVER,UNVB,call,60.0,2026-03-20,EUR,FTA,UN,100.0,770626858,UN C@60 MAR26,2026-03-14 17:59:44
onno,degiro,27,-900.0,1231.0,UNILEVER,UNVB,call,62.0,2026-03-20,EUR,FTA,UN,100.0,840492976,UL C@62 MAR26,2026-03-14 17:59:44
onno,degiro,28,-800.0,1152.0,UNILEVER,UNVB,put,57.5,2026-03-20,EUR,FTA,UN,100.0,861501367,UL P@57.5 MAR26,2026-03-14 17:59:45
onno,interactive,71,-100.0,96.0,UPS,UPS,call,100.0,2026-03-20,USD,SMART,UPS,100.0,757000095,UPS   260320C00100000,2026-03-14 17:59:45
onno,degiro,29,-200.0,798.0,URW,URW,call,98.0,2026-03-20,EUR,EUREX,UBL,100.0,841097312,C UBL  20260320 98 M,2026-03-14 17:59:45
onno,interactive,72,-100.0,68.0,UVXY,UVXY,put,44.0,2026-03-20,USD,SMART,UVXY,100.0,843632115,UVXY  260320P00044000,2026-03-14 17:59:46
onno,lynx,108,-100.0,710.0,VERNOVA,GEV,put,750.0,2026-03-20,USD,NYSE,GEV,100.0,846363125,GEV   260320P00750000,2026-03-14 17:59:46
onno,lynx,109,-200.0,250.0,VOLKSWAGEN,VOW,call,95.0,2026-03-20,EUR,EUREX,VOW,100.0,841105928,C VOW  20260320 95 M,2026-03-14 17:59:47
onno,lynx,110,-200.0,1348.0,VOLKSWAGEN,VOW,put,110.0,2026-03-20,EUR,EUREX,VOW,100.0,771185524,P VOW  20260320 110 M,2026-03-14 17:59:47
onno,interactive,73,-300.0,876.0,VZ,VZ,call,49.0,2026-04-17,USD,SMART,VZ,100.0,807269860,VZ    260417C00049000,2026-03-14 17:59:47
onno,degiro,30,-100.0,200.0,WKL,WKL,call,68.0,2026-03-20,EUR,FTA,WKL,100.0,840494624,WKL C@68 MAR26,2026-03-14 17:59:47
onno,lynx,30,-100.0,201.0,WKL,WKL,call,68.0,2026-03-20,EUR,FTA,WKL,100.0,840494624,WKL C@68 MAR26,2026-03-14 17:59:47
onno,interactive,74,-1000.0,3500.0,XND,XND,put,222.0,2026-03-20,USD,SMART,XND,100.0,780010893,XND   260320P00222000,2026-03-14 17:59:48
onno,interactive,75,1000.0,-6300.0,XND,XND,put,240.0,2026-03-20,USD,SMART,XND,100.0,770835725,XND   260320P00240000,2026-03-14 17:59:48
onno,interactive,76,-100.0,756.0,XSP,XSP,put,600.0,2026-03-20,USD,SMART,XSP,100.0,753834137,XSP   260320P00600000,2026-03-14 17:59:48
onno,interactive,77,100.0,-1236.0,XSP,XSP,put,640.0,2026-03-20,USD,SMART,XSP,100.0,753834304,XSP   260320P00640000,2026-03-14 17:59:49
